age,gender,country,signup_date,last_purchase_date,num_orders,total_spent,avg_order_value,recency_days,is_premium_member,device_type,preferred_category,churned,customer_lifetime_days
0.7450980392156863,1,3,2022-01-27,2024-04-27,0.7692307692307694,0.10713581470801016,0.11610668392830586,0.30938242280285033,0,1,4,0,0.4787172011661808
1.0,2,4,2025-01-12,2025-08-01,0.7692307692307694,0.0527394022252157,0.027020880168650868,0.03562945368171022,0,1,3,0,0.11720116618075804
0.5490196078431373,0,5,2021-04-25,2021-06-01,0.38461538461538464,0.02753878565500012,0.05968999029032792,0.9394299287410925,0,1,3,0,0.02157434402332367
0.27450980392156865,1,3,2021-02-23,2023-09-22,0.38461538461538464,0.036338156654584355,0.07876206054986484,0.4388361045130641,0,1,3,0,0.5486880466472304
0.823529411764706,0,3,2021-06-07,2021-12-11,0.5384615384615385,0.031011735158280443,0.04801214146379865,0.8248218527315914,0,2,0,0,0.10903790087463561
0.13725490196078438,0,3,2021-12-04,2024-11-18,0.38461538461538464,0.046344790668568,0.10045136853891301,0.1876484560570071,1,0,5,0,0.629737609329446
0.3921568627450981,0,3,2024-01-04,2024-01-23,0.15384615384615385,0.0,0.0,0.3657957244655582,0,1,2,1,0.011078717201166183
0.7450980392156863,1,0,2022-06-29,2023-03-28,0.2307692307692308,0.045614798912050766,0.16478188227678686,0.5445368171021377,0,0,2,0,0.15860058309037903
0.35294117647058826,1,3,2020-11-20,2024-01-06,0.7692307692307694,0.17065841559664036,0.1849491335648492,0.37589073634204273,0,1,1,0,0.6658892128279883
0.43137254901960786,0,3,2024-06-30,2024-09-08,0.5384615384615385,0.11863931925766523,0.18367725399977256,0.22980997624703087,0,0,4,0,0.04081632653061226
0.5294117647058824,0,3,2023-01-07,2024-06-05,0.3076923076923077,0.021207858695421425,0.05745938995267627,0.2862232779097387,0,1,3,0,0.3002915451895044
0.5294117647058824,0,2,2022-03-08,2025-08-03,0.46153846153846156,0.09093756883526039,0.16425441090282453,0.03444180522565321,0,1,0,0,0.7253644314868806
0.4509803921568628,1,0,2023-11-02,2025-04-10,0.6923076923076924,0.047783868844922035,0.05753899176864736,0.10273159144893113,0,1,0,0,0.30612244897959184
0.6862745098039216,0,2,2024-12-04,2024-12-06,0.3076923076923077,0.0527394022252157,0.06294666678329935,0.17695961995249404,1,0,1,0,0.0011661807580174988
0.7647058823529412,0,4,2021-06-30,2022-05-31,0.6923076923076924,0.04011491962220909,0.04830430637076949,0.7232779097387173,0,1,0,0,0.19533527696793004
0.4509803921568628,1,3,2021-05-12,2023-04-09,0.6923076923076924,0.10282366526084333,0.12381581364427609,0.5374109263657957,0,1,4,0,0.40641399416909624
0.5294117647058824,1,3,2022-05-09,2025-04-21,0.7692307692307694,0.12948902756364605,0.14033187834043334,0.09619952494061756,0,1,1,0,0.6285714285714286
0.411764705882353,0,0,2022-09-02,2024-01-14,0.6153846153846154,0.052866609988182434,0.07161714150753593,0.3711401425178147,0,1,4,0,0.29096209912536447
0.019607843137254943,0,2,2024-03-27,2025-09-13,0.38461538461538464,0.0,0.0,0.010095011876484539,1,1,1,0,0.31195335276967934
0.4509803921568628,1,5,2024-12-18,2025-05-28,0.46153846153846156,0.08520256504445291,0.1538956778838163,0.07422802850356297,1,1,0,0,0.09387755102040818
0.8431372549019609,1,2,2022-06-29,2024-02-12,0.3076923076923077,0.07159916381881902,0.19398700128587545,0.3539192399049881,0,1,1,0,0.34577259475218663
0.5686274509803921,1,4,2024-01-20,2024-06-26,0.3076923076923077,0.0,0.0,0.2737529691211401,1,1,2,0,0.09212827988338193
0.7254901960784315,1,5,2022-12-31,2023-07-06,0.7692307692307694,0.7307194882373582,0.7919086066183224,0.4851543942992874,1,1,3,0,0.10903790087463561
0.019607843137254943,0,0,2025-08-27,2025-09-14,0.3076923076923077,0.042656491982803385,0.11557133984726947,0.009501187648456089,1,1,0,0,0.010495626822157461
0.3921568627450981,0,1,2023-09-19,2024-08-02,0.3076923076923077,0.046655061379763524,0.12640418478118245,0.2517814726840855,0,1,5,0,0.18542274052478136
0.6274509803921569,0,5,2020-12-02,2021-06-30,0.5384615384615385,0.02199475493981401,0.03405208233102107,0.922209026128266,0,2,3,0,0.12244897959183676
0.21568627450980393,0,4,2024-10-14,2025-03-14,0.2307692307692308,0.07395839967145529,0.26717168624638077,0.11876484560570072,0,1,0,0,0.08804664723032071
0.411764705882353,0,3,2021-02-05,2024-03-13,0.6153846153846154,0.0527394022252157,0.07280592027571968,0.336104513064133,1,0,3,0,0.6600583090379009
0.8431372549019609,0,5,2025-07-21,2025-08-19,0.6153846153846154,0.0527394022252157,0.10958020976390626,0.024940617577197177,0,0,3,0,0.01690962099125365
0.4705882352941177,0,3,2023-12-24,2024-11-01,0.5384615384615385,0.031427178277563306,0.0486550792081806,0.19774346793349168,0,1,3,0,0.18250728862973764
0.9411764705882353,1,5,2021-12-25,2024-09-17,0.38461538461538464,0.05627724705934961,0.12197972340555811,0.22446555819477435,0,1,1,0,0.5813411078717201
0.5098039215686275,1,0,2022-10-04,2025-04-17,0.3076923076923077,0.0,0.0,0.09857482185273161,0,0,3,0,0.5399416909620991
0.803921568627451,0,5,2024-08-03,2025-07-24,0.0,0.0,0.0,0.040380047505938266,0,1,0,0,0.20699708454810498
0.5294117647058824,0,3,2023-01-07,2024-12-10,0.3076923076923077,0.0650143056268207,0.17614569756558401,0.17458432304038002,1,1,5,0,0.40991253644314873
0.2941176470588236,1,3,2023-10-25,2023-11-12,0.15384615384615385,0.012846369747927647,0.06961047594887987,0.4085510688836105,0,1,5,1,0.010495626822157461
0.27450980392156865,0,3,2020-10-23,2021-12-28,0.3076923076923077,0.00943573267676047,0.025564429359948904,0.8147268408551069,1,1,4,0,0.2513119533527697
0.9019607843137256,0,4,2024-03-20,2025-03-04,0.6153846153846154,0.07493166820308785,0.1015080607772986,0.12470308788598575,0,0,3,0,0.2034985422740525
0.9803921568627452,1,3,2023-06-27,2023-12-26,0.38461538461538464,0.06173087631862026,0.13380015570465098,0.38242280285035624,0,1,5,0,0.10612244897959186
0.8431372549019609,0,3,2021-03-11,2021-07-01,0.6153846153846154,0.06504860975071718,0.08811921028000594,0.9216152019002375,0,1,3,0,0.06530612244897963
1.0,2,3,2023-02-19,2023-08-20,0.46153846153846156,0.05893367769830791,0.10644774709365896,0.4584323040380047,0,1,5,0,0.10612244897959186
0.03921568627450983,2,2,2024-05-03,2025-08-26,0.3076923076923077,0.06573574153126022,0.1781007531556434,0.02078384798099761,0,1,3,0,0.27988338192419826
0.7058823529411765,1,4,2024-07-31,2024-12-23,0.6923076923076924,0.05576938459451033,0.06715506608700215,0.1668646080760095,0,1,0,0,0.08454810495626824
0.9803921568627452,0,3,2021-06-22,2023-09-30,0.46153846153846156,0.553639421362881,1.0,0.43408551068883605,0,1,3,0,0.4839650145772595
0.1176470588235295,0,3,2025-04-25,2025-08-18,0.46153846153846156,0.12565931517184228,0.22696927020005425,0.025534441805225683,1,0,0,0,0.06705539358600587
0.3921568627450981,0,3,2025-05-06,2025-08-26,0.3076923076923077,0.01240372547628451,0.033605962263490746,0.02078384798099761,0,1,0,0,0.06530612244897963
0.15686274509803927,2,5,2023-08-18,2025-09-18,0.15384615384615385,0.0,0.0,0.0071258907363420665,0,0,4,0,0.44431486880466475
0.7450980392156863,0,5,2022-04-27,2023-08-15,0.46153846153846156,0.04477810115131905,0.08087981875278824,0.46140142517814725,0,1,5,0,0.27696793002915454
0.33333333333333337,0,3,2020-12-31,2023-02-01,0.6923076923076924,0.13653097811711687,0.16440399233723177,0.5771971496437054,0,1,1,0,0.44431486880466475
0.05882352941176472,0,5,2021-05-30,2025-01-15,0.2307692307692308,0.040488309921374144,0.14626265100289537,0.15320665083135393,0,1,0,0,0.7731778425655977
0.4705882352941177,0,3,2025-07-27,2025-09-21,0.15384615384615385,0.027958425984736197,0.1514980012071484,0.00534441805225655,0,1,5,0,0.0326530612244898
0.25490196078431376,1,1,2022-12-23,2023-04-19,0.3076923076923077,0.04032978451117955,0.10926705097140457,0.5314726840855106,0,1,2,0,0.06822157434402334
0.9607843137254902,0,3,2024-09-16,2025-07-13,0.5384615384615385,0.06092598049863022,0.09432552769006025,0.0469121140142518,0,1,3,0,0.17492711370262393
0.15686274509803927,1,3,2025-08-05,2025-09-06,0.3076923076923077,0.01604189978336744,0.04346259152021972,0.014251781472684077,0,1,2,0,0.018658892128279897
0.4901960784313726,0,3,2022-03-29,2023-05-03,0.3076923076923077,0.05367174795492939,0.14541502287458774,0.5231591448931117,1,0,3,0,0.23323615160349856
0.019607843137254943,1,5,2024-10-25,2025-05-10,0.6153846153846154,0.053597086038213504,0.07260647836317671,0.08491686460807601,0,1,4,0,0.11486880466472307
0.37254901960784315,0,2,2022-08-05,2024-05-25,0.38461538461538464,0.050157068493873816,0.10871421198575913,0.29275534441805223,0,1,0,0,0.38425655976676387
0.5294117647058824,1,3,2023-10-06,2023-11-21,0.6153846153846154,0.09724589543086021,0.1317366317060156,0.4032066508313539,1,1,1,0,0.026822157434402333
0.9019607843137256,0,5,2022-06-24,2023-07-27,0.3076923076923077,0.0527394022252157,0.0,0.47268408551068886,0,1,3,0,0.2320699708454811
0.1176470588235295,0,4,2023-08-24,2025-08-02,0.46153846153846156,0.04388296530658484,0.07926241482168317,0.035035629453681716,0,1,3,0,0.4134110787172012
0.8431372549019609,0,3,2024-01-27,2025-08-07,0.46153846153846156,0.055207039109364864,0.09971658254533367,0.032066508313539216,0,1,1,0,0.3253644314868805
0.13725490196078438,1,3,2022-05-18,2022-08-03,0.2307692307692308,0.046840868657904024,0.16921071737856347,0.6852731591448931,0,0,0,0,0.04489795918367348
0.9019607843137256,0,1,2024-10-13,2025-02-13,0.5384615384615385,0.010294385076785949,0.01593785809882871,0.13598574821852732,0,0,1,0,0.07172011661807581
0.6666666666666667,0,3,2021-08-29,2021-11-11,0.6153846153846154,0.10800334582245591,0.14630901250010933,0.8426365795724466,0,1,3,0,0.04314868804664726
0.25490196078431376,0,3,2020-10-06,2021-02-19,0.8461538461538463,0.10992518391651555,0.1083004574917555,1.0,1,1,4,0,0.07930029154518953
0.3137254901960785,0,0,2025-06-08,2025-09-05,0.6153846153846154,0.11291585779560409,0.15296407421338534,0.014845605700712639,1,1,4,0,0.051895043731778445
0.6862745098039216,0,3,2022-03-24,2024-07-07,0.2307692307692308,0.012443598975590067,0.04495228264767885,0.2672209026128266,0,0,0,0,0.48746355685131193
0.9607843137254902,1,3,2023-12-10,2025-04-27,0.46153846153846156,0.04833531772600627,0.08730482247045546,0.09263657957244656,0,1,2,0,0.2938775510204082
0.7647058823529412,0,3,2021-09-27,2023-02-08,0.2307692307692308,0.05257425813699873,0.18992206019996674,0.5730403800475059,0,1,3,0,0.29096209912536447
0.5294117647058824,1,0,2021-06-13,2021-10-28,0.46153846153846156,0.04589294482016205,0.08289348227328788,0.8509501187648456,0,0,0,0,0.07988338192419828
0.019607843137254943,1,3,2024-07-06,2024-08-24,0.6923076923076924,0.14973104356131373,0.18029898791976834,0.23871733966745842,0,1,3,0,0.02857142857142858
0.09803921568627455,1,3,2021-08-23,2024-04-21,0.38461538461538464,0.06381140125404577,0.13830946736762917,0.31294536817102137,0,1,4,0,0.5667638483965014
0.803921568627451,1,3,2024-12-19,2025-04-04,0.15384615384615385,0.03449437053183742,0.1869138113524436,0.10629453681710213,0,1,3,0,0.06180758017492713
0.05882352941176472,1,3,2022-02-13,2022-10-24,0.6153846153846154,0.12097167682028377,0.16387652096326943,0.6365795724465558,0,1,3,0,0.14752186588921284
0.5490196078431373,0,3,2022-12-20,2024-09-09,0.6923076923076924,0.08541274842945633,0.1028499199608114,0.22921615201900236,1,1,1,0,0.3667638483965015
0.33333333333333337,0,3,2024-11-25,2025-06-10,0.38461538461538464,0.06873238836368603,0.14897611070775635,0.0665083135391924,0,1,5,0,0.11486880466472307
0.4901960784313726,0,5,2025-03-08,2025-05-27,0.5384615384615385,0.04756650177279677,0.07364217671603143,0.07482185273159145,1,1,5,0,0.04664723032069973
0.8431372549019609,0,3,2024-01-23,2025-08-07,0.5384615384615385,0.0527394022252157,0.04632038418810519,0.032066508313539216,1,1,3,0,0.3276967930029155
0.6470588235294118,0,3,2024-07-13,2025-03-14,0.15384615384615385,0.04318122400504118,0.23398560169350677,0.11876484560570072,0,0,2,1,0.14227405247813413
0.17647058823529416,0,3,2023-12-02,2025-01-30,0.38461538461538464,0.057537136635585524,0.12471067801502811,0.14429928741092637,1,1,5,0,0.24781341107871724
0.6862745098039216,1,3,2024-01-08,2025-07-07,0.15384615384615385,0.012869292974249054,0.06973468977160402,0.050475059382422804,0,1,4,0,0.31836734693877555
0.25490196078431376,1,3,2025-08-08,2025-09-22,0.6923076923076924,0.0855795875449717,0.10305111136381527,0.004750593824227989,0,1,2,0,0.02623906705539361
0.5882352941176471,1,4,2023-04-04,2024-11-04,0.7692307692307694,0.16560561993565193,0.179473228422222,0.19596199524940616,0,0,0,0,0.3381924198250729
0.9215686274509804,1,3,2022-12-01,2023-01-18,0.46153846153846156,0.028943882569800218,0.0522791486979417,0.5855106888361046,0,0,5,0,0.02798833819241986
0.27450980392156865,0,3,2023-12-15,2024-02-26,0.46153846153846156,0.07426608748391036,0.13414130634452714,0.34560570071258906,0,1,4,0,0.04256559766763851
0.5294117647058824,1,3,2021-11-08,2023-10-12,1.0,0.15656345645446623,0.1305181115999965,0.42695961995249404,0,1,0,0,0.40991253644314873
0.25490196078431376,0,1,2021-03-05,2021-11-20,0.7692307692307694,0.09730990289027178,0.10545841023801815,0.83729216152019,0,0,2,0,0.15160349854227406
0.43137254901960786,2,4,2023-01-26,2024-01-16,0.38461538461538464,0.043077262330738414,0.09336855640794618,0.3699524940617577,0,1,3,0,0.20699708454810498
0.7647058823529412,0,5,2024-05-05,2025-01-19,0.6153846153846154,0.11573347745908305,0.15678058765384578,0.1508313539192399,0,1,0,0,0.15102040816326534
0.3921568627450981,1,3,2021-02-25,2022-11-24,0.5384615384615385,0.04669929352069359,0.0722994427872882,0.6181710213776722,0,0,1,0,0.37142857142857144
0.2941176470588236,1,1,2021-06-19,2023-07-01,0.5384615384615385,0.058734229486194445,0.09093239094113838,0.4881235154394299,0,1,3,0,0.4326530612244898
0.8627450980392157,0,3,2025-02-07,2025-03-17,0.38461538461538464,0.0527394022252157,0.06273672792799095,0.1169833729216152,0,2,3,0,0.022157434402332393
0.33333333333333337,0,3,2022-03-09,2024-12-12,0.3076923076923077,0.025771598623024396,0.06982391378511008,0.173396674584323,0,0,2,0,0.5883381924198251
0.9019607843137256,1,3,2024-10-19,2025-02-24,0.46153846153846156,0.03794052246068567,0.06852929084404166,0.1294536817102138,0,1,2,0,0.07463556851311953
0.4509803921568628,0,3,2024-01-14,2024-11-21,0.3076923076923077,0.01619275721292634,0.043871972288071076,0.18586698337292162,1,0,4,0,0.1819241982507289
0.4901960784313726,1,0,2022-08-31,2024-05-03,0.5384615384615385,0.03206991648600501,0.04965053928043456,0.3058194774346793,0,0,4,0,0.35626822157434407
0.4705882352941177,1,2,2024-01-11,2024-07-10,0.3076923076923077,0.044549272466033074,0.12069909638817691,0.2654394299287411,0,1,1,0,0.10553935860058311
0.8627450980392157,1,3,2021-07-14,2023-05-30,0.46153846153846156,0.05480216973180068,0.09898529553267608,0.5071258907363421,0,1,3,0,0.3994169096209913
0.7843137254901962,1,5,2022-04-09,2022-10-13,0.38461538461538464,0.014922374610557392,0.03234370489594904,0.6431116389548694,1,1,1,0,0.10903790087463561
0.5490196078431373,2,0,2024-10-03,2024-11-28,0.38461538461538464,0.010646466461342353,0.023075779179314,0.18171021377672208,0,1,1,0,0.0326530612244898
0.27450980392156865,0,1,2024-11-15,2024-12-15,0.2307692307692308,0.023529481085150024,0.08499899404298497,0.17161520190023752,0,0,2,0,0.017492711370262398
0.5294117647058824,1,5,2021-03-20,2025-08-25,0.3076923076923077,0.036365922816044095,0.09852780377714988,0.02137767220902617,0,1,1,0,0.9440233236151604
0.0,0,1,2024-12-20,2025-05-20,0.7692307692307694,0.09612741956066345,0.10417690847540653,0.07897862232779099,0,1,1,0,0.08804664723032071
0.4705882352941177,0,0,2025-05-06,2025-06-10,0.6153846153846154,0.059310780914412345,0.08034709890744318,0.0665083135391924,0,1,0,0,0.020408163265306145
0.1176470588235295,0,4,2022-09-20,2024-09-13,0.15384615384615385,0.01701863908518246,0.09221826642990227,0.22684085510688834,0,0,4,1,0.4221574344023324
0.15686274509803927,1,3,2024-08-22,2025-08-20,0.5384615384615385,0.03459510358271463,0.05355977571532289,0.024346793349168616,1,1,4,0,0.21166180758017494
0.4509803921568628,1,3,2023-01-28,2024-10-06,0.15384615384615385,0.03759659335027876,0.20372466519126303,0.21318289786223277,0,1,3,1,0.35976676384839656
0.0,1,1,2024-07-03,2025-08-20,0.46153846153846156,0.0527394022252157,0.10136285306904362,0.024346793349168616,0,1,4,0,0.24081632653061227
0.8431372549019609,1,3,2020-11-30,2024-08-26,0.46153846153846156,0.0605815670947095,0.10942450511288586,0.2375296912114014,1,1,5,0,0.7959183673469388
0.13725490196078438,1,1,2023-07-25,2024-02-29,0.2307692307692308,0.031956188225839954,0.11544012806270172,0.34382422802850354,0,1,3,0,0.12769679300291548
0.4509803921568628,0,3,2022-07-05,2024-12-23,0.2307692307692308,0.0527394022252157,0.0783972917887665,0.1668646080760095,1,1,0,0,0.5259475218658892
0.19607843137254904,1,3,2022-12-24,2023-06-04,0.8461538461538463,0.12213583771195208,0.12032995390092632,0.5041567695961995,0,1,4,0,0.09446064139941693
0.9803921568627452,1,3,2023-08-10,2024-03-16,0.5384615384615385,0.08011893602975048,0.1240397484232717,0.33432304038004745,1,1,0,0,0.12769679300291548
0.3137254901960785,1,3,2024-06-29,2025-03-25,0.6153846153846154,0.06797979624318992,0.09209055362625633,0.11223277909738719,0,0,4,0,0.15685131195335278
0.13725490196078438,1,0,2021-06-11,2023-03-04,0.5384615384615385,0.02142207785970679,0.03316596541257358,0.5587885985748218,1,1,4,0,0.367930029154519
0.6666666666666667,1,1,2021-07-31,2024-01-22,0.2307692307692308,0.06398130756181543,0.2311295585160822,0.36638954869358664,1,1,0,0,0.5276967930029155
0.6666666666666667,1,2,2023-09-25,2024-10-28,0.3076923076923077,0.047522673209794905,0.12875549996063645,0.2001187648456057,0,1,1,0,0.2326530612244898
0.6274509803921569,1,5,2024-05-11,2024-11-08,0.3076923076923077,0.029381038181619912,0.0796035654615593,0.19358669833729214,0,1,1,0,0.10553935860058311
0.07843137254901966,1,3,2021-02-27,2025-08-26,0.46153846153846156,0.044062880346973705,0.07958782004741119,0.02078384798099761,0,1,1,0,0.9568513119533528
0.803921568627451,1,3,2024-06-08,2025-01-10,0.38461538461538464,0.06691604554005628,0.14503888242549356,0.1561757719714964,1,1,5,0,0.12594752186588923
0.7450980392156863,0,5,2021-02-18,2021-09-10,0.8461538461538463,0.04241967245453917,0.04179270287528755,0.8794536817102137,0,1,1,0,0.11895043731778429
0.7843137254901962,1,3,2025-06-10,2025-08-18,0.7692307692307694,0.1276435464136007,0.1383322107436209,0.025534441805225683,0,1,4,0,0.04023323615160351
0.5294117647058824,1,3,2023-09-14,2025-03-22,0.38461538461538464,0.007891724239076012,0.017104768236251164,0.11401425178147268,0,1,2,0,0.32361516034985427
0.1176470588235295,1,3,2021-05-14,2023-09-01,0.07692307692307698,0.0,0.0,0.45130641330166266,0,0,0,1,0.489795918367347
0.15686274509803927,0,3,2024-10-06,2025-08-02,0.38461538461538464,0.011302199879071904,0.024497240178797897,0.035035629453681716,0,1,2,0,0.17492711370262393
0.13725490196078438,1,3,2024-10-26,2025-06-10,0.3076923076923077,0.056094022679949555,0.15197823633866636,0.0665083135391924,1,1,5,0,0.13236151603498547
0.5294117647058824,0,1,2023-08-24,2025-07-19,0.3076923076923077,0.05385335802261667,0.14590750443933204,0.043349168646080766,0,1,2,0,0.40524781341107874
0.6470588235294118,0,3,2023-09-02,2025-05-12,0.5384615384615385,0.10313103021095585,0.15966724691433618,0.083729216152019,1,1,3,0,0.3603498542274053
0.6274509803921569,1,5,2023-02-06,2024-09-23,0.6923076923076924,0.14623226507062898,0.17608621488991327,0.2209026128266033,0,1,1,0,0.34693877551020413
0.5294117647058824,0,3,2024-07-10,2025-06-12,0.3076923076923077,0.06740719987866835,0.18262930921369153,0.06532066508313539,0,1,5,0,0.19650145772594754
0.43137254901960786,0,3,2023-06-20,2024-02-24,0.46153846153846156,0.2011549431717884,0.36333242942992855,0.34679334916864607,0,1,4,0,0.14518950437317787
0.4509803921568628,1,1,2022-06-16,2024-11-06,0.46153846153846156,0.040912470323906006,0.07389760232332332,0.19477434679334915,0,1,1,0,0.5096209912536444
0.5294117647058824,1,1,2021-01-10,2025-01-13,0.38461538461538464,0.020892664333501947,0.04528468583525047,0.1543942992874109,1,1,1,0,0.8536443148688048
0.6666666666666667,0,3,2021-11-01,2022-05-15,0.6153846153846154,0.08284962500749646,0.11223418679309649,0.7327790973871734,1,0,2,0,0.11370262390670557
0.8431372549019609,0,3,2021-02-15,2023-01-05,0.46153846153846156,0.08803713498091602,0.15901556171764972,0.593230403800475,0,1,3,0,0.4017492711370263
0.7647058823529412,2,3,2022-05-31,2025-05-28,0.3076923076923077,0.0527394022252157,0.02454097744032048,0.07422802850356297,0,1,1,0,0.6373177842565598
0.411764705882353,1,3,2021-09-03,2023-06-03,0.5384615384615385,0.01213542686962115,0.018787778059640117,0.504750593824228,0,0,0,0,0.37201166180758016
0.5098039215686275,0,3,2024-11-25,2025-05-03,0.38461538461538464,0.0827756088154657,0.17941374574655128,0.08907363420427555,1,1,0,0,0.09271137026239071
0.6666666666666667,1,1,2025-01-13,2025-09-17,0.15384615384615385,0.01016241509426652,0.05506696174739105,0.0077197149643705165,1,1,1,0,0.14402332361516038
0.0,0,3,2021-10-20,2025-02-27,0.15384615384615385,0.0,0.0,0.12767220902612827,1,1,2,1,0.7148688046647231
0.6666666666666667,0,3,2024-08-22,2025-01-16,0.7692307692307694,0.060061355145267475,0.06509066734313629,0.15261282660332542,0,1,2,0,0.08571428571428574
0.7058823529411765,1,0,2025-05-12,2025-09-08,0.7692307692307694,0.0976734458879889,0.10585204559172139,0.013064133016627066,0,1,4,0,0.06938775510204084
0.5294117647058824,1,3,2024-10-25,2025-03-15,0.5384615384615385,0.09581262877667217,0.1483366719442962,0.11817102137767221,0,0,5,0,0.08221574344023325
0.25490196078431376,0,3,2022-01-31,2025-09-28,0.46153846153846156,0.0527394022252157,0.07484232717221108,0.001187648456057011,0,1,5,0,0.7790087463556851
0.03921568627450983,1,3,2022-09-03,2023-02-14,0.46153846153846156,0.0600996950484459,0.10855413360858648,0.5694774346793349,0,1,5,0,0.09562682215743443
0.0,1,3,2025-01-31,2025-03-29,0.46153846153846156,0.023973416806163383,0.043301638397816616,0.10985748218527316,0,0,3,0,0.033236151603498576
0.07843137254901966,0,4,2024-05-30,2024-06-19,0.6153846153846154,0.06854730752581628,0.09285945468382331,0.27790973871733965,0,0,2,0,0.011661807580174932
0.4901960784313726,0,3,2025-09-20,2025-09-21,0.3076923076923077,0.03288732322176906,0.08910329866426402,0.00534441805225655,1,1,4,0,0.0005830903790087771
0.25490196078431376,0,3,2022-04-18,2025-06-15,0.2307692307692308,0.00832589337422708,0.030077240003848857,0.0635391923990499,1,1,0,0,0.6728862973760933
0.7450980392156863,0,0,2024-03-20,2025-01-18,0.46153846153846156,0.11286161692205482,0.20385412748536985,0.15142517814726839,0,1,5,0,0.17725947521865892
0.5098039215686275,0,3,2025-08-21,2025-09-08,0.5384615384615385,0.03382386616193597,0.05236574847575642,0.013064133016627066,0,1,0,0,0.010495626822157461
0.15686274509803927,0,1,2023-11-24,2024-11-28,0.5384615384615385,0.05636119126841395,0.08725846097324153,0.18171021377672208,0,1,0,0,0.2157434402332362
0.27450980392156865,0,0,2024-02-16,2025-03-05,0.15384615384615385,0.020489409267650534,0.11102528888461234,0.12410926365795724,1,1,1,1,0.22332361516034988
0.27450980392156865,1,3,2021-10-10,2022-12-28,0.46153846153846156,0.06031310705687487,0.1089390215099852,0.5979809976247031,1,0,3,0,0.2588921282798834
0.4901960784313726,1,1,2022-07-08,2023-09-05,0.6153846153846154,0.1414431672279225,0.19160944374950795,0.44893111638954863,1,1,4,0,0.2472303206997085
0.803921568627451,1,3,2022-05-11,2022-10-18,0.8461538461538463,0.0691856870926335,0.06816277259248243,0.6401425178147269,1,1,3,0,0.09329446064139946
0.23529411764705888,1,1,2021-02-11,2024-05-27,0.6153846153846154,0.051509942424765615,0.06977930177835703,0.2915676959619952,0,1,1,0,0.7002915451895044
0.9803921568627452,1,5,2021-09-07,2023-05-28,0.6923076923076924,0.10716769736433748,0.12904591537714638,0.508313539192399,0,1,4,0,0.3661807580174927
0.607843137254902,1,5,2025-05-21,2025-09-24,0.38461538461538464,0.05747724567104154,0.12458034097569082,0.0035629453681710332,0,1,4,0,0.07346938775510206
0.7450980392156863,0,3,2022-10-07,2024-02-08,0.3076923076923077,0.053343316236965144,0.14452540697521846,0.3562945368171021,0,1,2,0,0.285131195335277
0.9411764705882353,0,1,2022-12-06,2025-09-17,0.7692307692307694,0.04224419677136043,0.04578154112614699,0.0077197149643705165,1,0,3,0,0.5924198250728863
1.0,1,4,2023-02-27,2024-01-19,0.38461538461538464,0.05020105848804696,0.10880955921587837,0.3681710213776722,0,1,3,0,0.19008746355685135
0.607843137254902,1,3,2021-07-05,2023-02-22,0.15384615384615385,0.016728627985982278,0.09064722399601115,0.5647268408551069,0,1,2,1,0.3481049562682216
0.05882352941176472,1,1,2025-07-21,2025-08-22,0.6923076923076924,0.027697472496365984,0.03335228614665976,0.023159144893111633,0,1,0,0,0.018658892128279897
0.5686274509803921,0,3,2024-08-29,2024-11-17,0.6153846153846154,0.06746571867825647,0.09139425642281683,0.18824228028503562,1,1,1,0,0.04664723032069973
0.7058823529411765,1,3,2021-11-03,2023-05-29,0.46153846153846156,0.027583824951786566,0.04982286409083354,0.5077197149643705,0,1,3,0,0.3335276967930029
0.43137254901960786,0,3,2021-02-06,2024-11-14,0.2307692307692308,0.026698213546157736,0.096445910128675,0.1900237529691211,0,0,2,0,0.8029154518950438
0.7450980392156863,1,3,2024-03-03,2024-03-30,0.2307692307692308,0.04050001368129177,0.14630463877395705,0.32600950118764843,0,2,4,0,0.015743440233236206
0.5294117647058824,0,3,2023-05-27,2023-07-08,0.6153846153846154,0.06566697185229597,0.0889572162107786,0.4839667458432304,0,1,5,0,0.024489795918367363
0.27450980392156865,2,0,2025-05-25,2025-08-18,0.3076923076923077,0.05914531396385282,0.16024457876643428,0.025534441805225683,0,1,2,0,0.049562682215743475
0.823529411764706,1,3,2023-03-16,2023-09-08,0.2307692307692308,0.0527394022252157,0.0787156990526509,0.4471496437054632,1,0,5,0,0.10262390670553939
0.5490196078431373,0,4,2021-09-03,2023-02-13,0.3076923076923077,0.024263670052120476,0.06573885355890095,0.5700712589073634,0,1,0,0,0.3078717201166181
0.6862745098039216,0,3,2022-05-21,2025-01-10,0.46153846153846156,0.06756620958237676,0.12204008082645929,0.1561757719714964,1,1,1,0,0.5626822157434402
0.23529411764705888,0,1,2020-10-16,2024-12-11,0.38461538461538464,0.08142434919628666,0.17648509871499923,0.1739904988123515,0,1,5,0,0.8845481049562682
0.607843137254902,1,0,2020-11-05,2021-05-21,0.5384615384615385,0.07248703526084574,0.11222456459556153,0.945961995249406,0,0,0,0,0.11486880466472307
0.5294117647058824,0,3,2025-01-09,2025-04-16,0.7692307692307694,0.13794164440732604,0.14949221039372282,0.09916864608076009,1,1,5,0,0.05655976676384841
0.9803921568627452,0,1,2021-06-24,2023-10-13,0.6153846153846154,0.07717927440078565,0.10455217417927028,0.42636579572446553,0,0,4,0,0.4903790087463557
0.411764705882353,0,3,2023-08-01,2024-12-29,0.5384615384615385,0.04462958447374367,0.06909525100814387,0.16330166270783847,0,0,4,0,0.3008746355685131
0.5294117647058824,0,2,2025-01-22,2025-01-23,0.38461538461538464,0.039976250246081646,0.08664788880238629,0.14845605700712589,1,1,4,0,0.0005830903790087771
0.019607843137254943,0,3,2023-07-03,2023-07-24,0.38461538461538464,0.05100498572100933,0.110552051714938,0.4744655581947743,0,0,4,0,0.01224489795918371
0.803921568627451,2,1,2022-02-27,2025-04-07,0.46153846153846156,0.07316617619841054,0.13215475992617148,0.10451306413301661,1,0,2,0,0.6618075801749271
0.8627450980392157,0,3,2025-04-21,2025-06-16,0.46153846153846156,0.06763627071071122,0.12216691888487476,0.06294536817102139,0,1,4,0,0.0326530612244898
0.09803921568627455,0,5,2025-06-29,2025-09-02,0.2307692307692308,0.015947462548170054,0.05760984613231395,0.0166270783847981,0,1,4,0,0.03790087463556854
0.5294117647058824,0,2,2020-10-22,2023-02-10,0.5384615384615385,0.10498054714028313,0.16253028805360437,0.5718527315914489,0,1,2,0,0.4903790087463557
0.5294117647058824,1,3,2023-06-22,2023-09-27,0.3076923076923077,0.03388496786026453,0.09180626142635956,0.4358669833729216,1,1,4,0,0.05655976676384841
0.8431372549019609,0,3,2022-08-25,2023-11-02,0.5384615384615385,0.06113083665498147,0.09464218546348374,0.4144893111638955,0,1,0,0,0.25306122448979596
0.8431372549019609,0,3,2024-10-31,2025-03-04,0.46153846153846156,0.03678362597172485,0.06643952448849272,0.12470308788598575,1,1,0,0,0.07230320699708456
0.37254901960784315,0,3,2023-07-03,2025-05-11,0.5384615384615385,0.04879668801351761,0.07554649708272465,0.08432304038004751,1,1,3,0,0.39533527696793
0.5686274509803921,0,5,2025-02-06,2025-05-02,0.3076923076923077,0.026501993957469834,0.07180258749639166,0.08966745843230403,0,0,0,0,0.049562682215743475
0.19607843137254904,1,3,2024-09-16,2024-11-30,0.2307692307692308,0.037441457994681,0.13525573176812253,0.18052256532066507,0,1,1,0,0.04373177842565601
0.5294117647058824,0,3,2021-10-03,2022-09-11,0.3076923076923077,0.0,0.0,0.6621140142517815,0,1,1,0,0.2
0.4705882352941177,0,3,2023-04-17,2024-02-04,0.46153846153846156,0.09139482262790413,0.16508017040037087,0.3586698337292161,0,1,1,0,0.1708454810495627
0.7450980392156863,0,2,2024-06-06,2025-08-23,0.38461538461538464,0.025468430883365097,0.055202547258111065,0.022565320665083155,0,1,2,0,0.25830903790087467
0.6274509803921569,1,3,2023-04-14,2024-11-04,0.38461538461538464,0.05894933652192184,0.12777141157637836,0.19596199524940616,0,1,0,0,0.3323615160349854
0.0,0,3,2022-11-18,2024-07-20,0.9230769230769231,0.13312833188892792,0.12023023294465486,0.25950118764845603,1,1,1,0,0.3556851311953353
0.5098039215686275,0,3,2021-02-28,2021-10-28,0.46153846153846156,0.10690044806028745,0.19308688844374072,0.8509501187648456,1,1,3,0,0.14110787172011666
1.0,1,3,2022-08-18,2024-02-29,0.3076923076923077,0.029808992216676794,0.08076260289190772,0.34382422802850354,1,0,2,0,0.326530612244898
0.23529411764705888,1,1,2024-06-07,2025-08-28,0.46153846153846156,0.06678431770429379,0.12062736727927989,0.019596199524940627,1,0,3,0,0.26064139941690967
0.7843137254901962,0,3,2021-11-16,2021-12-17,0.46153846153846156,0.01594649396114238,0.02880273620308084,0.8212589073634204,0,1,0,0,0.018075801749271175
0.03921568627450983,1,3,2023-03-30,2024-04-23,0.6923076923076924,0.05954598613096379,0.07170286654012017,0.31175771971496435,0,0,4,0,0.2274052478134111
0.5294117647058824,0,2,2023-01-12,2023-10-15,0.6923076923076924,0.02053420641768007,0.024726423429176247,0.4251781472684085,1,0,3,0,0.16093294460641402
0.09803921568627455,0,2,2023-02-11,2024-07-26,0.38461538461538464,0.076244910781431,0.16525861842738301,0.255938242280285,0,1,4,0,0.30962099125364434
0.13725490196078438,1,3,2024-04-13,2024-09-13,0.5384615384615385,0.07119937952315009,0.11023102021536227,0.22684085510688834,1,2,2,0,0.08921282798833821
0.5098039215686275,0,2,2022-09-25,2023-10-12,0.7692307692307694,0.07909982104547508,0.08572328309379892,0.42695961995249404,0,0,3,0,0.22274052478134113
0.15686274509803927,1,0,2021-05-12,2024-05-07,0.15384615384615385,0.029302824779135928,0.1587828794863496,0.3034441805225653,0,1,3,1,0.6361516034985424
0.7058823529411765,0,3,2022-06-23,2024-11-22,0.38461538461538464,0.03482377083682933,0.07548001644521032,0.1852731591448931,1,1,5,0,0.514868804664723
0.6274509803921569,1,2,2022-12-01,2023-07-02,0.38461538461538464,0.04642574840096372,0.10062631758500334,0.48752969121140144,1,1,2,0,0.12419825072886298
0.9803921568627452,0,4,2020-10-04,2025-05-09,0.38461538461538464,0.004434594990580895,0.009611700592202524,0.08551068883610452,0,1,2,0,0.9784256559766764
0.803921568627451,1,3,2025-05-27,2025-09-23,0.5384615384615385,0.05678567453328836,0.08791539464131069,0.004156769596199539,1,0,1,0,0.06938775510204084
0.8431372549019609,0,3,2021-04-14,2023-04-27,0.3076923076923077,0.046764592429475366,0.12670159815953602,0.5267220902612826,0,1,0,0,0.4332361516034986
0.4509803921568628,1,3,2025-07-02,2025-09-24,0.5384615384615385,0.0836696953575866,0.1295375221966602,0.0035629453681710332,0,0,3,0,0.048979591836734726
0.27450980392156865,0,1,2021-02-28,2021-05-17,0.3076923076923077,0.0,0.0,0.9483372921615203,1,0,3,0,0.04548104956268226
0.607843137254902,0,0,2024-04-07,2025-04-22,0.6153846153846154,0.05550843110614011,0.07519572424531354,0.09560570071258909,0,1,2,0,0.22157434402332365
0.607843137254902,2,4,2023-06-09,2025-04-18,0.38461538461538464,0.07144418989439255,0.15485352391116086,0.09798099762470308,0,1,2,0,0.3959183673469388
0.4509803921568628,0,3,2021-06-29,2021-08-25,0.5384615384615385,0.20997998172760574,0.32509031744504413,0.88895486935867,0,1,0,0,0.033236151603498576
0.7843137254901962,0,5,2021-02-23,2024-01-08,0.38461538461538464,0.051891162135737634,0.11247299224100979,0.3747030878859857,0,1,2,0,0.611661807580175
1.0,0,5,2023-01-17,2025-06-15,0.6153846153846154,0.12220557597794399,0.1655481590986625,0.0635391923990499,0,1,4,0,0.5131195335276968
0.9411764705882353,1,3,2024-07-12,2024-09-15,0.38461538461538464,0.05413287609568381,0.11733132725093814,0.22565320665083136,0,1,4,0,0.03790087463556854
0.9411764705882353,1,3,2024-09-07,2025-05-12,0.2307692307692308,0.0527394022252157,0.13812752035969522,0.083729216152019,0,1,5,0,0.14402332361516038
1.0,1,1,2023-11-30,2024-08-09,0.6153846153846154,0.07406534782242669,0.1003341526780325,0.24762470308788598,1,0,4,0,0.14752186588921284
0.21568627450980393,0,3,2025-08-20,2025-08-22,0.9230769230769231,0.9223317505814146,0.8329717719714134,0.023159144893111633,0,1,4,0,0.0011661807580174988
0.7450980392156863,0,2,2025-01-21,2025-08-08,0.7692307692307694,0.10300906896105563,0.11163498631023713,0.03147268408551068,1,1,0,0,0.11603498542274054
0.019607843137254943,1,3,2022-08-05,2025-07-07,0.2307692307692308,0.05060019705903078,0.18279113708132505,0.050475059382422804,0,1,3,0,0.6221574344023324
0.03921568627450983,0,3,2022-10-14,2025-07-21,0.2307692307692308,0.025347518936078187,0.0915665812332158,0.042161520190023755,0,0,3,0,0.5895043731778427
0.9411764705882353,1,3,2023-12-09,2024-07-22,0.6923076923076924,0.12592793664084817,0.15163621095355975,0.258313539192399,0,1,3,0,0.1317784256559767
0.7058823529411765,1,3,2024-06-22,2025-03-10,0.5384615384615385,0.6342769550303609,0.981985496724079,0.12114014251781474,0,1,2,0,0.15218658892128284
0.9411764705882353,1,0,2024-12-19,2025-06-03,0.3076923076923077,0.03227719410992543,0.08745003017871043,0.07066508313539191,0,0,4,0,0.09679300291545193
0.3137254901960785,1,3,2022-12-26,2024-03-05,0.38461538461538464,0.07226466382241087,0.156631880964669,0.340855106888361,0,1,5,0,0.2536443148688047
0.9411764705882353,0,1,2021-07-14,2023-03-06,0.2307692307692308,0.012601640092270827,0.04552261653793331,0.5576009501187649,0,1,0,0,0.34985422740524785
0.019607843137254943,0,3,2021-09-02,2022-09-15,0.3076923076923077,0.04282010247489322,0.11601396093387799,0.6597387173396675,0,1,2,0,0.22040816326530616
0.019607843137254943,0,1,2023-08-16,2024-02-09,0.38461538461538464,0.017392997971375182,0.03769889519677393,0.3557007125890736,0,0,5,0,0.10320699708454814
0.5294117647058824,1,3,2024-10-22,2025-05-06,0.3076923076923077,0.0527394022252157,0.07987823546392112,0.08729216152019004,0,1,4,0,0.1142857142857143
0.43137254901960786,1,1,2023-12-30,2024-10-31,0.3076923076923077,0.03152750775051232,0.08541887175360174,0.19833729216152018,0,1,3,0,0.17842565597667642
0.7058823529411765,1,2,2024-09-15,2025-06-08,0.6153846153846154,0.0527394022252157,0.045709812017249954,0.06769596199524941,1,1,3,0,0.15510204081632656
0.607843137254902,0,3,2020-10-25,2022-03-12,0.5384615384615385,0.08416084969619865,0.13029767580192267,0.7707838479809976,0,2,2,0,0.29329446064139947
0.6274509803921569,1,3,2023-11-12,2024-08-05,0.3076923076923077,0.015442828706756312,0.04183993911773194,0.25,0,1,3,0,0.15568513119533528
0.0,0,1,2022-04-04,2022-04-11,0.38461538461538464,0.038669142052247044,0.08381458900095345,0.7529691211401425,0,1,2,0,0.004081632653061273
0.35294117647058826,2,0,2022-10-18,2024-03-08,0.46153846153846156,0.09751564691806505,0.17613520062281857,0.3390736342042755,1,0,4,0,0.2956268221574344
0.019607843137254943,0,3,2021-09-06,2022-12-25,0.3076923076923077,0.009967890532877034,0.027006884244963628,0.5997624703087886,0,1,2,0,0.27696793002915454
0.8431372549019609,0,4,2024-07-02,2025-04-24,0.2307692307692308,0.023579524748246067,0.08518006630568845,0.09441805225653208,1,2,4,0,0.17259475218658893
0.4901960784313726,1,1,2023-01-23,2023-07-05,0.5384615384615385,0.092987906141657,0.1439638205372685,0.48574821852731587,0,0,3,0,0.09504373177842568
0.5294117647058824,0,1,2025-07-11,2025-09-20,0.6923076923076924,0.07899973371928298,0.0951276690663844,0.005938242280285055,1,0,1,0,0.04139941690962101
0.09803921568627455,0,0,2022-09-05,2024-03-24,0.6923076923076924,0.07234239293138102,0.08711150377452566,0.32957244655581946,1,1,3,0,0.3300291545189505
0.607843137254902,0,3,2025-05-06,2025-09-19,0.5384615384615385,0.06511891302580856,0.10081701204524181,0.006532066508313561,1,1,4,0,0.07930029154518953
0.05882352941176472,1,3,2022-01-18,2023-07-30,0.5384615384615385,0.07051854355828688,0.10917695221266803,0.4709026128266033,0,0,0,0,0.3253644314868805
0.19607843137254904,1,3,2022-07-10,2023-03-04,0.5384615384615385,0.05512745354192501,0.08534801738993517,0.5587885985748218,0,2,3,0,0.1381924198250729
0.3137254901960785,1,3,2025-03-26,2025-07-07,0.6923076923076924,0.06335293672761744,0.07628653154768672,0.050475059382422804,0,1,0,0,0.06005830903790091
0.7254901960784315,0,4,2021-08-06,2024-12-21,0.46153846153846156,0.041091901070781034,0.07422125805859042,0.1680522565320665,0,0,0,0,0.7189504373177844
0.4509803921568628,0,4,2023-05-03,2024-11-06,0.2307692307692308,0.03559662256932077,0.12859104785731154,0.19477434679334915,1,1,4,0,0.32244897959183677
0.07843137254901966,0,3,2025-01-12,2025-09-27,0.5384615384615385,0.0527394022252157,0.13181885775767807,0.0017814726840855166,0,1,3,0,0.15043731778425656
1.0,1,1,2022-09-24,2023-07-03,0.15384615384615385,0.013963554168754173,0.07566371294360516,0.4869358669833729,0,1,1,1,0.1644314868804665
0.6470588235294118,0,4,2024-08-28,2024-12-19,0.2307692307692308,0.040058903005775776,0.14471085296407418,0.1692399049881235,0,0,5,0,0.06588921282798835
0.09803921568627455,1,5,2023-08-30,2023-10-08,0.38461538461538464,0.05756231989830483,0.1247649122193161,0.42933491686460806,0,1,2,0,0.022740524781341115
0.411764705882353,1,3,2024-02-01,2025-05-31,0.38461538461538464,0.05129475467345259,0.11118011879040228,0.07244655581947745,0,1,3,0,0.282798833819242
0.19607843137254904,1,3,2022-03-28,2024-10-11,0.46153846153846156,0.06244125418782727,0.11278352679782011,0.21021377672209024,1,2,4,0,0.5411078717201167
0.9215686274509804,0,3,2020-11-01,2021-06-08,0.6153846153846154,0.08409240287957696,0.11391807136171588,0.9352731591448931,0,1,3,0,0.12769679300291548
0.2941176470588236,1,3,2021-04-07,2024-06-02,0.38461538461538464,0.0527394022252157,0.11431170671541911,0.2880047505938242,0,1,5,0,0.6717201166180758
0.6274509803921569,0,3,2021-06-09,2024-03-19,0.46153846153846156,0.027698198936636734,0.0500293039652201,0.332541567695962,0,1,5,0,0.5912536443148688
0.15686274509803927,0,3,2023-08-09,2025-01-09,0.5384615384615385,0.057058008919233655,0.0883370218423884,0.1567695961995249,0,1,0,0,0.3026239067055394
0.09803921568627455,1,3,2025-06-23,2025-07-24,0.0,0.0,0.0,0.040380047505938266,0,1,2,0,0.018075801749271175
0.2941176470588236,0,3,2021-12-19,2023-11-06,0.2307692307692308,0.023569354584455582,0.08514332700600949,0.41211401425178146,0,0,1,0,0.40058309037900874
0.5490196078431373,1,3,2021-11-28,2023-08-02,0.5384615384615385,0.0896022101864522,0.13872147237117188,0.4691211401425178,1,1,3,0,0.3568513119533528
0.03921568627450983,1,2,2023-07-05,2024-03-20,0.3076923076923077,0.02253062571286997,0.061043221161836594,0.3319477434679335,1,0,2,0,0.15102040816326534
0.37254901960784315,0,3,2022-05-06,2025-01-19,0.5384615384615385,0.04316863237368152,0.06683315984219595,0.1508313539192399,1,1,1,0,0.5766763848396501
0.6862745098039216,0,3,2023-07-05,2024-07-04,0.5384615384615385,0.018135662074837716,0.02807757240703644,0.2690023752969121,0,1,3,0,0.21282798833819244
0.35294117647058826,0,0,2024-08-08,2025-04-10,0.7692307692307694,0.11292909515164884,0.12238560519248766,0.10273159144893113,1,1,2,0,0.14285714285714288
0.4901960784313726,1,3,2025-05-31,2025-06-18,0.2307692307692308,0.02227491873756627,0.08046693900401507,0.06175771971496438,1,1,4,0,0.010495626822157461
0.03921568627450983,0,3,2024-08-06,2024-09-06,0.3076923076923077,0.026339755630335866,0.07136346539070496,0.23099762470308788,1,1,3,0,0.018075801749271175
0.35294117647058826,0,3,2022-04-26,2024-02-03,0.3076923076923077,0.0567547604639887,0.15376796508017038,0.35926365795724463,0,1,2,0,0.37784256559766766
0.37254901960784315,0,5,2021-01-22,2025-04-18,0.46153846153846156,0.0,0.0,0.09798099762470308,1,1,5,0,0.9020408163265305
0.607843137254902,0,5,2022-10-11,2025-01-01,0.6923076923076924,0.10020993316668794,0.12066848030511113,0.16152019002375295,1,1,1,0,0.4740524781341108
0.1176470588235295,0,3,2021-08-15,2024-06-19,0.5384615384615385,0.05480911127216561,0.0848555358251909,0.27790973871733965,1,1,2,0,0.6058309037900875
1.0,1,5,2021-03-25,2024-05-20,0.38461538461538464,0.00658623035695418,0.014275842160970609,0.29572446555819476,0,1,4,0,0.6717201166180758
0.7843137254901962,1,3,2021-01-09,2022-08-06,0.46153846153846156,0.033496241599828114,0.06050175386418704,0.6834916864608076,1,0,3,0,0.3346938775510204
0.6274509803921569,0,3,2021-05-18,2024-06-23,0.38461538461538464,0.0495910908073746,0.10748781917266594,0.2755344418052256,1,1,3,0,0.6600583090379009
0.7647058823529412,0,5,2023-08-26,2025-02-08,0.46153846153846156,0.0527394022252157,0.07133984726948275,0.13895486935866982,0,1,3,0,0.3102040816326531
0.7450980392156863,1,3,2024-06-06,2024-11-10,0.46153846153846156,0.0527394022252157,0.1573937840603924,0.19239904988123513,0,0,4,0,0.09154518950437321
0.33333333333333337,0,5,2024-05-01,2025-01-24,0.6923076923076924,0.0974793249045276,0.11738031298384345,0.14786223277909738,1,0,1,0,0.15626822157434406
0.7647058823529412,1,3,2025-04-30,2025-05-03,0.3076923076923077,0.06882513057158501,0.18647119026583503,0.08907363420427555,0,1,3,0,0.0017492711370262204
0.0,0,0,2025-07-02,2025-07-29,0.5384615384615385,0.0,0.0,0.03741092636579574,0,1,1,0,0.015743440233236206
0.19607843137254904,1,3,2023-01-24,2023-05-05,0.38461538461538464,0.04021032544443414,0.08715524103604824,0.5219714964370546,0,1,2,0,0.05889212827988341
0.5294117647058824,1,3,2021-07-05,2025-09-11,0.38461538461538464,0.05144892144202269,0.1115142714684348,0.01128266033254155,1,1,5,0,0.8915451895043732
0.4705882352941177,1,4,2024-07-04,2025-02-11,0.5384615384615385,0.050401798149530636,0.07803164828243772,0.1371733966745843,0,0,3,0,0.12944606413994172
0.9607843137254902,0,3,2020-12-02,2025-04-14,0.46153846153846156,0.021936559002568454,0.03962245995853707,0.1003562945368171,0,0,1,0,0.9294460641399417
0.43137254901960786,0,0,2024-02-12,2024-10-15,0.6153846153846154,0.04482943626378531,0.060729187624104466,0.20783847980997622,0,1,1,0,0.14344023323615163
0.5882352941176471,1,3,2021-03-08,2025-09-26,0.38461538461538464,0.06277404454741602,0.13606137212536848,0.002375296912114022,1,2,5,0,0.9696793002915453
0.5686274509803921,0,5,2024-05-10,2025-02-16,0.46153846153846156,0.058554960170490694,0.10576369632344577,0.1342042755344418,0,1,3,0,0.1644314868804665
0.803921568627451,1,2,2022-06-13,2022-10-21,0.46153846153846156,0.08203189540938986,0.14816872086004948,0.6383610451306414,1,1,0,0,0.07580174927113706
0.6666666666666667,0,0,2024-09-11,2025-08-29,0.7692307692307694,0.0965732117401465,0.10465976784261583,0.019002375296912122,1,0,0,0,0.20524781341107873
0.1176470588235295,1,1,2021-05-18,2021-11-29,0.38461538461538464,0.0527394022252157,0.21473508340695768,0.8319477434679334,0,1,4,0,0.11370262390670557
0.2941176470588236,1,4,2020-12-12,2023-06-29,0.3076923076923077,0.04692852578390776,0.12714596873660544,0.4893111638954869,0,0,5,0,0.5416909620991254
0.4901960784313726,0,3,2024-08-23,2025-01-23,0.2307692307692308,0.0400086171959228,0.1445297807013707,0.14845605700712589,0,1,5,0,0.08921282798833821
0.9215686274509804,2,3,2025-01-29,2025-06-03,0.46153846153846156,0.0495374149429248,0.08947594013243641,0.07066508313539191,0,1,4,0,0.07288629737609334
1.0,0,3,2023-09-21,2025-06-26,0.2307692307692308,0.0650197135710585,0.2348813408094892,0.05700712589073634,0,1,0,0,0.37551020408163266
0.9411764705882353,0,3,2021-05-01,2021-12-13,0.3076923076923077,0.08711407154355078,0.23602200858999814,0.8236342042755345,1,1,2,0,0.1317784256559767
0.019607843137254943,0,3,2023-12-11,2025-03-30,0.3076923076923077,0.03687677175755201,0.09991165073172437,0.10926365795724466,1,1,3,0,0.27696793002915454
0.0,1,3,2023-12-22,2025-04-11,0.38461538461538464,0.07396679409236172,0.160321556346714,0.10213776722090262,0,1,3,0,0.27755102040816326
0.9215686274509804,2,3,2021-08-29,2022-05-20,0.5384615384615385,0.09197726629387368,0.14239890131999056,0.7298099762470309,0,1,2,0,0.15393586005830906
0.21568627450980393,0,3,2021-10-16,2025-08-11,0.2307692307692308,0.026983139563462676,0.09747548526491656,0.029691211401425166,0,0,2,0,0.8134110787172012
0.07843137254901966,0,2,2023-04-15,2024-08-12,0.38461538461538464,0.0014921890317043524,0.0032339331169796842,0.24584323040380046,0,1,0,0,0.282798833819242
0.7058823529411765,0,3,2025-07-29,2025-09-16,0.38461538461538464,0.04307007864361656,0.0933536857390285,0.008313539192399022,0,1,4,0,0.02857142857142858
0.607843137254902,0,3,2022-11-30,2024-09-05,0.3076923076923077,0.04778766247744706,0.12947279104960677,0.23159144893111638,1,1,2,0,0.37609329446064144
0.15686274509803927,0,3,2025-03-03,2025-09-29,0.5384615384615385,0.11815962653221387,0.1829345952991191,0.0005938242280285055,1,0,4,0,0.12244897959183676
0.7843137254901962,1,1,2025-02-02,2025-04-02,0.6923076923076924,0.1048406670303711,0.12624410640400982,0.10748218527315914,0,1,1,0,0.03440233236151605
0.6666666666666667,0,3,2024-05-27,2025-07-28,0.6153846153846154,0.047309906926051054,0.06408908405426918,0.038004750593824216,1,1,3,0,0.2489795918367347
0.35294117647058826,1,1,2022-05-14,2024-12-11,0.5384615384615385,0.0735678976681348,0.1138979522214155,0.1739904988123515,0,0,0,0,0.5492711370262391
0.9215686274509804,0,3,2021-01-19,2024-11-06,0.6153846153846154,0.10796766953360355,0.14626090151243448,0.19477434679334915,1,1,3,0,0.8087463556851313
0.2941176470588236,0,3,2024-10-29,2025-05-29,0.5384615384615385,0.07800846561205298,0.12077257498753487,0.07363420427553444,0,1,0,0,0.12361516034985426
0.03921568627450983,0,0,2025-04-12,2025-08-20,0.38461538461538464,0.03947686291773443,0.08556495420708717,0.024346793349168616,0,0,1,0,0.07580174927113706
0.37254901960784315,0,3,2023-11-30,2025-07-09,0.7692307692307694,0.06742641018805037,0.07307271757100743,0.04928741092636579,1,1,3,0,0.34227405247813414
0.4509803921568628,0,4,2025-04-21,2025-05-20,0.38461538461538464,0.07645969495481582,0.16572485763521372,0.07897862232779099,0,2,1,0,0.01690962099125365
0.6274509803921569,0,1,2024-06-24,2025-03-27,0.3076923076923077,0.03176384298526271,0.08605918526229234,0.11104513064133015,1,1,0,0,0.16093294460641402
0.4509803921568628,0,3,2023-01-11,2023-06-15,0.38461538461538464,0.05887685392601819,0.12761395743489706,0.497624703087886,0,1,2,0,0.09037900874635571
1.0,1,4,2024-05-23,2025-01-25,0.3076923076923077,0.009635503751216488,0.02610589665759845,0.14726840855106887,0,0,3,0,0.14402332361516038
0.19607843137254904,0,0,2023-11-02,2024-06-06,0.7692307692307694,0.06548576536253688,0.07096983003700172,0.2856294536817102,0,1,1,0,0.12653061224489798
0.9411764705882353,0,3,2024-09-02,2025-03-10,0.38461538461538464,0.05430262097228219,0.11769959499295828,0.12114014251781474,0,0,5,0,0.11020408163265308
0.13725490196078438,1,1,2023-10-30,2024-12-19,0.2307692307692308,0.004111571216854452,0.014853174013068668,0.1692399049881235,0,0,3,0,0.24256559766763852
0.6862745098039216,0,5,2024-11-28,2025-05-09,0.38461538461538464,0.07060168061149483,0.15302705586997786,0.08551068883610452,0,0,3,0,0.09446064139941693
0.7254901960784315,1,5,2020-11-05,2025-07-17,0.38461538461538464,0.061479124407012864,0.13325431468084917,0.04453681710213778,0,2,3,0,1.0
0.7647058823529412,1,5,2025-04-02,2025-05-05,0.7692307692307694,0.10107867501491827,0.10954259571899683,0.08788598574821854,0,1,4,0,0.019241982507288646
0.37254901960784315,0,3,2024-01-12,2024-02-21,0.3076923076923077,0.06654927391891362,0.1803051111363815,0.3485748218527316,1,0,1,0,0.023323615160349864
0.6666666666666667,0,0,2020-10-10,2021-08-12,0.6153846153846154,0.07715070108346953,0.10451368538913039,0.8966745843230404,0,1,1,0,0.17842565597667642
0.9215686274509804,1,0,2024-05-10,2025-07-14,0.7692307692307694,0.08465652410760648,0.09174502926022793,0.046318289786223266,1,1,3,0,0.25072886297376096
0.4705882352941177,0,5,2021-01-04,2021-12-07,0.6153846153846154,0.028293879958651028,0.0383287117626991,0.8271971496437054,0,0,3,0,0.19650145772594754
0.6666666666666667,1,2,2024-04-04,2025-02-11,0.6923076923076924,0.11764966546214799,0.1416684890525634,0.1371733966745843,0,1,3,0,0.18250728862973764
0.4705882352941177,1,3,2021-05-28,2024-05-30,0.38461538461538464,0.07234521797687837,0.15680683001075935,0.2897862232779097,0,1,4,0,0.6402332361516035
0.5490196078431373,1,3,2024-01-17,2024-10-21,0.6153846153846154,0.051718915075984445,0.07006184448779293,0.20427553444180518,0,1,0,0,0.1620991253644315
0.33333333333333337,0,5,2020-11-09,2024-02-21,0.6153846153846154,0.03688758764602761,0.04997069603477985,0.3485748218527316,0,1,4,0,0.699125364431487
0.8823529411764706,1,5,2024-02-16,2024-11-14,0.8461538461538463,0.10474606836400244,0.10319719381730069,0.1900237529691211,0,2,2,0,0.15860058309037903
0.33333333333333337,0,5,2023-09-19,2025-05-30,0.46153846153846156,0.04929195884699723,0.08903244430059742,0.07304038004750593,0,1,3,0,0.360932944606414
0.019607843137254943,0,2,2022-04-30,2024-09-07,0.5384615384615385,0.07445770628421686,0.11527480121414636,0.23040380047505937,0,1,1,0,0.5020408163265306
0.6666666666666667,1,3,2020-11-28,2023-06-16,0.7692307692307694,0.14925070511117725,0.16174826581758062,0.4970308788598575,1,0,5,0,0.5422740524781342
0.2941176470588236,0,3,2020-12-10,2021-09-24,0.46153846153846156,0.007693809623089687,0.01389707747618503,0.8711401425178147,0,1,3,0,0.167930029154519
0.7843137254901962,0,3,2021-10-03,2023-09-26,0.6153846153846154,0.0527394022252157,0.19421705928148425,0.4364608076009501,0,1,2,0,0.4215743440233236
0.6862745098039216,1,3,2021-10-17,2024-03-27,0.07692307692307698,0.038981027075155335,0.42245208583000204,0.32779097387173395,0,1,1,1,0.5201166180758018
0.5294117647058824,0,4,2024-03-27,2024-12-23,0.6153846153846154,0.10090860727597734,0.13669818665313727,0.1668646080760095,1,1,4,0,0.15801749271137028
0.05882352941176472,2,5,2025-09-11,2025-09-12,0.3076923076923077,0.05049316819247374,0.13680315608079147,0.010688836104513044,0,1,0,0,0.0005830903790087771
0.6274509803921569,1,5,2024-03-27,2024-05-31,0.6153846153846154,0.10641623526204033,0.14415888872365923,0.2891923990498812,0,0,0,0,0.03790087463556854
0.25490196078431376,1,3,2024-08-31,2025-05-05,0.6923076923076924,0.0758660318224425,0.09135401814221605,0.08788598574821854,0,1,3,0,0.14402332361516038
0.3921568627450981,0,5,2024-01-16,2024-06-19,0.2307692307692308,0.03445885567415635,0.12448149476464977,0.27790973871733965,0,0,4,0,0.09037900874635571
0.9215686274509804,0,3,2025-06-19,2025-08-04,0.0,0.0,0.0,0.033847980997624705,0,0,5,0,0.026822157434402333
0.37254901960784315,0,3,2025-03-24,2025-09-06,0.38461538461538464,0.043157251476106454,0.09354263070880603,0.014251781472684077,1,1,5,0,0.09679300291545193
0.13725490196078438,0,4,2025-09-15,2025-09-20,0.46153846153846156,0.011007265129147764,0.019881209597704647,0.005938242280285055,0,1,2,0,0.0029154518950437747
0.1176470588235295,0,1,2022-08-15,2023-03-03,0.2307692307692308,0.011598264647194996,0.04189854704817221,0.5593824228028503,0,1,3,0,0.1166180758017493
0.03921568627450983,0,3,2024-09-04,2025-01-29,0.2307692307692308,0.005257167523825823,0.01899159369833535,0.14489311163895485,0,1,4,0,0.08571428571428574
0.3137254901960785,0,3,2024-08-03,2024-12-04,0.3076923076923077,0.013107242520712221,0.03551203212064484,0.17814726840855105,0,0,3,0,0.07172011661807581
0.6274509803921569,0,3,2025-05-26,2025-05-26,0.38461538461538464,0.03847865327013949,0.0834017092521803,0.07541567695961995,0,1,1,0,0.0
0.9215686274509804,1,3,2022-08-05,2025-03-29,0.6923076923076924,0.13547061746858008,0.16312773904600283,0.10985748218527316,0,1,3,0,0.5638483965014578
0.21568627450980393,1,5,2024-03-09,2024-09-15,0.15384615384615385,0.038490599176814036,0.20856900427750416,0.22565320665083136,0,1,3,1,0.11078717201166186
0.9803921568627452,0,3,2021-06-01,2022-10-29,0.38461538461538464,0.03230237737264473,0.07001460824534853,0.6336104513064134,0,1,4,0,0.3002915451895044
0.411764705882353,0,3,2025-09-03,2025-09-28,0.2307692307692308,0.04186822357345494,0.1512469493260088,0.001187648456057011,0,1,0,0,0.014577259475218679
0.411764705882353,1,3,2022-09-07,2023-01-27,0.5384615384615385,0.04789130128940727,0.07414515522354112,0.580166270783848,1,1,4,0,0.08279883381924202
0.8823529411764706,0,3,2022-12-03,2024-05-18,0.2307692307692308,0.0527394022252157,0.12618724796403044,0.29691211401425177,0,1,1,0,0.3102040816326531
0.5686274509803921,0,3,2025-02-02,2025-09-16,0.38461538461538464,0.03786755557126819,0.08207734497327651,0.008313539192399022,0,1,4,0,0.1317784256559767
0.7254901960784315,1,3,2025-02-12,2025-04-09,0.3076923076923077,0.027189287169184152,0.07366492009202319,0.10332541567695963,0,1,2,0,0.0326530612244898
0.7254901960784315,0,3,2023-08-05,2025-04-24,0.46153846153846156,0.03293599471990925,0.0594896736325545,0.09441805225653208,0,0,3,0,0.3661807580174927
0.8627450980392157,0,3,2022-03-04,2024-10-07,0.6153846153846154,0.12374506434283267,0.16763442647328963,0.21258907363420426,0,1,0,0,0.5527696793002916
0.9803921568627452,0,1,2023-10-18,2024-08-14,0.38461538461538464,0.06517904613710947,0.14127397895362975,0.24465558194774345,0,1,5,0,0.17551020408163268
0.13725490196078438,0,3,2023-09-04,2025-06-18,0.5384615384615385,0.0527394022252157,0.0,0.06175771971496438,1,1,1,0,0.3807580174927114
0.5098039215686275,1,0,2023-07-23,2024-10-24,0.3076923076923077,0.02657625229625752,0.07200377889939553,0.2024940617577197,1,1,5,0,0.2676384839650146
0.5098039215686275,0,3,2023-08-18,2024-09-21,0.38461538461538464,0.02488994228109187,0.053948162597643415,0.22209026128266032,0,0,3,0,0.23323615160349856
0.5294117647058824,1,1,2023-10-07,2025-04-09,0.46153846153846156,0.056083691084987786,0.1012998714124511,0.10332541567695963,1,1,4,0,0.32069970845481055
0.3921568627450981,1,5,2025-03-16,2025-07-30,0.6153846153846154,0.11794104872630404,0.15977134159675993,0.03681710213776723,1,1,5,0,0.07930029154518953
0.5294117647058824,0,4,2023-03-02,2025-07-15,0.38461538461538464,0.03132370089677438,0.06789335106150332,0.04572446555819479,0,0,2,0,0.5049562682215744
0.6274509803921569,1,2,2025-07-15,2025-09-29,0.38461538461538464,0.033201468281075244,0.07196354061879476,0.0005938242280285055,1,0,4,0,0.04431486880466473
0.5294117647058824,1,3,2023-02-19,2023-09-13,0.5384615384615385,0.04808978091449306,0.07445219079942966,0.4441805225653207,0,1,3,0,0.12011661807580176
0.9019607843137256,0,3,2023-05-30,2023-12-25,0.38461538461538464,0.055205666944408996,0.11965727481870904,0.3830166270783848,0,1,3,0,0.12186588921282801
0.6274509803921569,1,3,2022-06-23,2025-08-04,0.3076923076923077,0.03594281171612555,0.09738188752525825,0.033847980997624705,0,0,1,0,0.6635568513119534
0.5294117647058824,1,5,2024-06-22,2025-02-01,0.3076923076923077,0.051371353764223804,0.1391824631076199,0.14311163895486936,0,1,5,0,0.13061224489795922
0.9215686274509804,0,3,2024-02-29,2024-11-05,0.2307692307692308,0.02051281678748578,0.07410141796201855,0.19536817102137766,0,0,5,0,0.14577259475218662
0.35294117647058826,0,3,2021-10-23,2022-05-29,0.46153846153846156,0.1034873895215511,0.18692168405951765,0.7244655581947743,0,0,0,0,0.12711370262390673
0.05882352941176472,1,5,2023-03-07,2024-04-16,0.6153846153846154,0.3068441731539801,0.4156736850392323,0.3159144893111639,1,0,5,0,0.23673469387755106
0.6666666666666667,0,5,2024-07-10,2025-09-25,0.5384615384615385,0.08585781416866863,0.13292453572896892,0.0029691211401425277,1,1,3,0,0.2577259475218659
0.9411764705882353,0,2,2025-07-07,2025-08-21,0.6153846153846154,0.0610474574550166,0.08269928883212763,0.02375296912114014,1,0,1,0,0.02623906705539361
0.3137254901960785,0,5,2025-06-23,2025-07-30,0.7692307692307694,0.09681802211138896,0.10492569039267312,0.03681710213776723,1,1,3,0,0.02157434402332367
0.8431372549019609,0,0,2022-12-05,2023-04-25,0.5384615384615385,0.03278328083188066,0.05075534250649497,0.5279097387173397,1,0,2,0,0.08221574344023325
0.5294117647058824,2,3,2023-06-10,2025-02-10,0.6153846153846154,0.09497512386008405,0.1286601527305172,0.13776722090261284,0,1,4,0,0.35626822157434407
0.5294117647058824,0,3,2022-05-27,2023-10-09,0.7692307692307694,0.08696030835290888,0.09424242689316734,0.42874109263657956,0,1,5,0,0.2915451895043732
0.5294117647058824,0,3,2021-07-26,2023-11-12,0.3076923076923077,0.02362504833854634,0.06400860749306764,0.4085510688836105,0,1,0,0,0.4892128279883382
0.8823529411764706,0,3,2025-07-07,2025-09-06,0.0,0.0160738631552804,0.0,0.014251781472684077,1,1,1,0,0.035568513119533546
0.09803921568627455,1,1,2025-08-20,2025-09-23,0.46153846153846156,0.04938566964192387,0.08920214487530505,0.004156769596199539,0,1,0,0,0.019825072886297423
0.6666666666666667,1,3,2021-11-23,2023-07-11,0.6153846153846154,0.034277487753225984,0.046434975813294366,0.4821852731591449,1,0,0,0,0.34693877551020413
0.7843137254901962,0,2,2021-04-01,2022-01-06,0.6153846153846154,0.12219395293361202,0.16553241368451435,0.8093824228028503,0,1,0,0,0.163265306122449
0.7058823529411765,0,3,2021-10-04,2022-12-01,0.46153846153846156,0.06262318711785711,0.11311155625923948,0.6140142517814727,0,0,5,0,0.24664723032069974
0.4509803921568628,0,5,2024-08-20,2025-07-29,0.38461538461538464,0.07215287273630114,0.1563895765358339,0.03741092636579574,1,1,1,0,0.2
0.5490196078431373,1,5,2021-08-17,2022-05-13,0.7692307692307694,0.15262364800385111,0.16540382613563798,0.7339667458432304,0,1,1,0,0.15685131195335278
0.9411764705882353,0,3,2023-12-08,2024-05-09,0.46153846153846156,0.00022083784230773895,0.0003988838250859328,0.3022565320665083,0,1,0,0,0.08921282798833821
0.8823529411764706,1,3,2022-11-26,2024-07-31,0.8461538461538463,1.0000000000000002,0.985215930860137,0.2529691211401425,0,1,4,0,0.35743440233236157
0.5882352941176471,1,3,2021-03-08,2022-12-29,0.46153846153846156,0.06808577580713367,0.12297868245873389,0.5973871733966747,0,0,5,0,0.38542274052478137
0.6666666666666667,0,3,2025-05-07,2025-07-28,0.6923076923076924,0.14462384559560476,0.17414952894969338,0.038004750593824216,1,1,5,0,0.04781341107871723
0.6274509803921569,0,3,2024-12-29,2025-04-17,0.38461538461538464,0.020118763298397208,0.04360692448324423,0.09857482185273161,0,1,3,0,0.06355685131195338
1.0,0,3,2025-02-12,2025-08-09,0.5384615384615385,0.0527394022252157,0.153856314348446,0.030878859857482205,0,1,5,0,0.10379008746355686
0.3921568627450981,0,3,2024-10-01,2025-07-02,0.2307692307692308,0.0287646939696821,0.10391098592534923,0.05344418052256533,0,0,0,0,0.15976676384839653
0.607843137254902,1,5,2022-04-29,2023-02-06,0.38461538461538464,0.049637098691188715,0.10758754012893744,0.5742280285035629,1,1,2,0,0.16501457725947524
0.43137254901960786,0,5,2021-03-02,2023-11-06,0.2307692307692308,0.02411353906283232,0.08710887953883431,0.41211401425178146,0,1,0,0,0.5708454810495627
0.6274509803921569,1,5,2024-07-23,2025-01-11,0.2307692307692308,0.017165218588702506,0.062008939896255194,0.1555819477434679,0,1,3,0,0.1002915451895044
0.03921568627450983,0,3,2024-08-29,2025-07-21,0.3076923076923077,0.04076605225155723,0.11044883177774473,0.042161520190023755,1,1,5,0,0.19008746355685135
0.33333333333333337,0,5,2022-05-16,2025-05-06,0.38461538461538464,0.0,0.0,0.08729216152019004,0,1,5,0,0.6332361516034986
0.4705882352941177,0,3,2021-11-17,2024-11-17,0.6923076923076924,0.0,0.0,0.18824228028503562,1,0,3,0,0.639067055393586
0.803921568627451,0,3,2024-05-21,2025-01-26,0.38461538461538464,0.03632483858295396,0.07873319395725994,0.14667458432304037,0,1,2,0,0.14577259475218662
0.5882352941176471,0,1,2024-04-10,2025-04-19,0.6923076923076924,0.05709021443790353,0.0687453529159632,0.0973871733966746,0,1,5,0,0.21807580174927116
0.03921568627450983,0,3,2024-03-18,2025-08-07,0.3076923076923077,0.040126784813298,0.10871683622145048,0.032066508313539216,0,1,3,0,0.2956268221574344
0.7647058823529412,1,5,2021-08-09,2023-10-04,0.8461538461538463,0.11718692300968078,0.11545412398638893,0.4317102137767221,1,1,3,0,0.4583090379008746
0.8823529411764706,1,5,2024-07-17,2025-09-20,0.46153846153846156,0.11070626863874214,0.19996063646462964,0.005938242280285055,1,1,2,0,0.25072886297376096
0.4509803921568628,1,3,2022-03-27,2025-01-01,0.3076923076923077,0.01881883879168445,0.05098714999256465,0.16152019002375295,0,2,0,0,0.5895043731778427
0.9607843137254902,1,3,2023-08-21,2024-09-21,0.38461538461538464,0.024050661621619708,0.05212956726353448,0.22209026128266032,0,0,0,0,0.2314868804664723
0.5294117647058824,0,3,2024-10-17,2025-02-13,0.3076923076923077,0.0388552721927301,0.10527208950393196,0.13598574821852732,1,0,0,0,0.06938775510204084
0.9019607843137256,0,1,2021-12-26,2024-07-16,0.3076923076923077,0.059615885828126984,0.16151995731243274,0.26187648456057006,0,0,4,0,0.5440233236151604
0.411764705882353,1,3,2024-04-30,2025-07-10,0.8461538461538463,0.09888926475446602,0.09742737427724174,0.04869358669833729,1,1,0,0,0.25422740524781345
0.43137254901960786,1,3,2022-01-27,2023-12-03,0.5384615384615385,0.025575621181093418,0.03959621760162352,0.39608076009501186,0,1,2,0,0.39358600583090386
0.019607843137254943,1,3,2025-05-17,2025-06-15,0.6923076923076924,0.10538525508667604,0.12690016532684853,0.0635391923990499,1,1,4,0,0.01690962099125365
0.5098039215686275,0,5,2021-06-11,2022-03-02,0.5384615384615385,0.05801134070121343,0.08981271704616028,0.7767220902612826,0,1,0,0,0.15393586005830906
0.803921568627451,0,3,2021-03-30,2022-02-12,0.3076923076923077,0.03518045300976715,0.09531573929093151,0.7874109263657958,0,1,4,0,0.1860058309037901
0.019607843137254943,1,3,2023-01-14,2024-11-16,0.3076923076923077,0.05864536162640614,0.15889047314969515,0.1888361045130641,0,1,2,0,0.3918367346938776
0.4901960784313726,0,5,2024-09-29,2025-08-02,0.6153846153846154,0.044765670951130675,0.060642587846289744,0.035035629453681716,1,1,0,0,0.17900874635568514
0.3137254901960785,0,0,2022-05-07,2022-08-03,0.2307692307692308,0.04506230072835324,0.16278571366089625,0.6852731591448931,0,0,1,0,0.051311953352769724
0.7647058823529412,1,3,2022-01-10,2025-05-20,0.8461538461538463,0.07271537965261789,0.07164075962875811,0.07897862232779099,0,0,5,0,0.7148688046647231
0.6274509803921569,0,3,2022-05-04,2024-08-01,0.38461538461538464,0.06742108295939821,0.14613318870878855,0.252375296912114,0,0,2,0,0.47813411078717205
0.15686274509803927,0,3,2021-03-05,2023-11-30,0.46153846153846156,0.03503104846074975,0.06327382149948826,0.3978622327790974,0,1,3,0,0.5830903790087464
0.823529411764706,1,5,2020-11-05,2021-10-04,0.5384615384615385,0.07658036475534583,0.11856121904495315,0.8652019002375297,1,1,3,0,0.19416909620991257
0.9215686274509804,1,3,2024-10-07,2025-05-16,0.38461538461538464,0.0852104751718455,0.18469195846709646,0.08135391923990498,1,1,2,0,0.12886297376093298
0.7450980392156863,0,3,2023-03-26,2023-05-05,0.6923076923076924,0.07161038328522282,0.0862297605822304,0.5219714964370546,0,1,3,0,0.023323615160349864
0.5490196078431373,1,2,2024-11-07,2025-05-21,0.3076923076923077,0.06452944710388847,0.17483270497467612,0.07838479809976248,1,1,2,0,0.11370262390670557
0.803921568627451,0,3,2023-02-13,2023-04-21,0.15384615384615385,0.0161102658844035,0.08729607501815095,0.5302850356294537,1,1,1,1,0.03906705539358604
0.4901960784313726,0,3,2024-06-26,2025-03-16,0.38461538461538464,0.052872421510348426,0.1145994978962377,0.11757719714964371,1,1,2,0,0.1533527696793003
0.6666666666666667,1,1,2023-03-01,2024-07-26,0.9230769230769231,0.18987461721642457,0.17147893176112455,0.255938242280285,0,1,0,0,0.2991253644314869
0.9607843137254902,1,5,2023-02-12,2025-07-03,0.46153846153846156,0.0338524394792521,0.06114556635379944,0.0528503562945368,1,1,0,0,0.5084548104956268
0.4705882352941177,0,3,2021-05-31,2024-07-24,0.3076923076923077,0.01047575299771631,0.028381983747233608,0.257125890736342,0,1,4,0,0.6705539358600583
0.4509803921568628,1,3,2021-11-26,2025-05-27,0.38461538461538464,0.06108160014774181,0.13239269062885434,0.07482185273159145,0,1,3,0,0.7451895043731779
0.23529411764705888,0,0,2023-06-19,2025-05-13,0.46153846153846156,0.04514269345164948,0.08153850191131831,0.0831353919239905,1,1,5,0,0.40466472303207
0.1176470588235295,1,3,2021-05-02,2024-03-06,0.46153846153846156,0.08143080644313777,0.14708316202905902,0.3402612826603325,0,1,3,0,0.6058309037900875
0.6862745098039216,1,3,2021-04-05,2022-07-25,0.6153846153846154,0.05231096389664498,0.07086398586411707,0.6906175771971497,0,1,2,0,0.27755102040816326
0.8627450980392157,1,3,2025-04-16,2025-06-16,0.6153846153846154,0.03519191462292786,0.04767361505961387,0.06294536817102139,1,1,5,0,0.035568513119533546
0.37254901960784315,0,5,2025-02-27,2025-06-19,0.5384615384615385,0.0983717164193501,0.15229839309301163,0.061163895486935876,1,0,5,0,0.06530612244897963
0.0,1,3,2024-09-19,2025-02-23,0.6153846153846154,0.09857068033794972,0.1335307341736719,0.13004750593824227,0,0,3,0,0.09154518950437321
0.13725490196078438,0,3,2025-06-05,2025-06-16,0.07692307692307698,0.02932138936383285,0.317766950375703,0.06294536817102139,1,1,5,0,0.006413994169096243
0.8823529411764706,1,3,2025-03-26,2025-04-29,0.7692307692307694,0.12886049529827678,0.13965132655114196,0.09144893111638955,0,1,5,0,0.019825072886297423
0.2941176470588236,0,3,2023-08-27,2025-03-24,0.38461538461538464,0.07638616305629889,0.16556477925804108,0.11282660332541566,0,1,0,0,0.33527696793002915
0.25490196078431376,0,5,2024-09-27,2024-11-15,0.7692307692307694,0.07036841256899871,0.07626116393600361,0.1894299287410926,1,1,1,0,0.02857142857142858
0.21568627450980393,1,4,2020-10-26,2024-11-26,0.15384615384615385,0.057287402613619094,0.3104225894208312,0.1828978622327791,0,1,2,1,0.8699708454810496
0.9803921568627452,1,3,2025-05-06,2025-07-13,0.38461538461538464,0.014665053323540914,0.031786492184151346,0.0469121140142518,0,1,3,0,0.03965014577259479
0.5294117647058824,0,3,2021-02-05,2024-09-24,0.6923076923076924,0.07554857742412514,0.09097175447650871,0.2203087885985748,0,1,0,0,0.7737609329446065
0.27450980392156865,0,4,2023-12-20,2024-09-20,0.2307692307692308,0.044221244325997014,0.15974772347553773,0.22268408551068883,0,1,4,0,0.16034985422740528
0.5294117647058824,1,3,2021-08-12,2024-05-20,0.38461538461538464,0.03038853012156332,0.0658665663625469,0.29572446555819476,0,0,5,0,0.5900874635568514
0.6470588235294118,0,3,2023-08-24,2024-03-11,0.2307692307692308,0.002747962113072683,0.00992660887516511,0.33729216152019,1,1,5,0,0.1166180758017493
0.019607843137254943,0,3,2024-09-23,2025-08-12,0.38461538461538464,0.03861966339825046,0.0837069953376079,0.029097387173396688,1,0,3,0,0.18833819241982508
0.607843137254902,0,3,2023-08-13,2023-09-16,0.38461538461538464,0.037147653262955806,0.08051679948215082,0.44239904988123513,0,1,1,0,0.019825072886297423
0.43137254901960786,1,3,2021-01-19,2023-09-22,0.46153846153846156,0.09400346964016429,0.16979154821158335,0.4388361045130641,1,1,1,0,0.5690962099125365
0.411764705882353,0,3,2025-04-25,2025-06-28,0.6153846153846154,0.0527394022252157,0.11119761369501131,0.05581947743467933,0,2,3,0,0.037317784256559794
0.9803921568627452,1,3,2024-10-16,2024-10-23,0.2307692307692308,0.02448095640866011,0.08843674279865987,0.2030878859857482,0,2,3,0,0.004081632653061273
0.4705882352941177,0,3,2022-02-28,2023-02-05,0.6923076923076924,0.017984239636179337,0.021656067670291004,0.5748218527315915,1,1,0,0,0.1994169096209913
0.411764705882353,1,3,2022-02-28,2023-01-25,0.6153846153846154,0.07645412557940676,0.10357071003070353,0.5813539192399051,0,1,3,0,0.19300291545189507
0.411764705882353,1,3,2023-04-24,2024-07-04,0.46153846153846156,0.08882185190449635,0.16043264899098136,0.2690023752969121,0,1,4,0,0.2548104956268222
0.9411764705882353,1,3,2022-05-01,2022-10-21,0.38461538461538464,0.013743927060231018,0.029789448823030265,0.6383610451306414,0,1,0,0,0.10087463556851314
1.0,0,0,2024-04-27,2024-05-22,0.5384615384615385,0.0661626462637038,0.10243266648588598,0.29453681710213775,0,1,5,0,0.014577259475218679
0.803921568627451,1,4,2024-04-28,2025-06-07,0.6153846153846154,0.05261292090251971,0.07127336663196843,0.06828978622327792,1,2,5,0,0.2361516034985423
0.09803921568627455,0,3,2023-08-11,2024-03-29,0.38461538461538464,0.03860836321626103,0.08368250247115526,0.32660332541567694,0,1,5,0,0.1346938775510204
0.27450980392156865,1,3,2025-01-02,2025-01-22,0.3076923076923077,0.0287355556432665,0.07785407500065604,0.1490498812351544,0,1,5,0,0.011661807580174932
0.823529411764706,0,4,2023-03-11,2025-06-06,0.6153846153846154,0.0719388957187727,0.09745361663415528,0.06888361045130642,0,1,2,0,0.47696793002915455
0.7058823529411765,2,3,2021-11-06,2023-03-25,0.15384615384615385,0.02832899123840389,0.1535055415110349,0.5463182897862233,0,1,4,1,0.2938775510204082
0.6274509803921569,1,3,2025-04-02,2025-09-05,0.5384615384615385,0.07177197588767167,0.11111713713380976,0.014845605700712639,0,0,0,0,0.09096209912536446
0.13725490196078438,0,0,2021-02-16,2021-08-13,0.6153846153846154,0.08866736227358371,0.12011476657423524,0.8960807600950118,0,0,0,0,0.10379008746355686
0.8431372549019609,0,3,2024-06-01,2024-10-10,0.6923076923076924,0.0527394022252157,0.05545097490355932,0.21080760095011875,1,1,5,0,0.07638483965014578
0.8431372549019609,0,5,2023-06-09,2025-09-08,0.5384615384615385,0.09571431719336412,0.14818446627419762,0.013064133016627066,1,1,1,0,0.4793002915451895
0.07843137254901966,1,0,2025-05-31,2025-08-09,0.46153846153846156,0.03811244665809629,0.06883982540085198,0.030878859857482205,0,1,0,0,0.04081632653061226
0.7450980392156863,1,3,2023-01-21,2024-01-03,0.38461538461538464,0.0527394022252157,0.18433243817738082,0.37767220902612825,0,1,4,0,0.202332361516035
0.05882352941176472,1,3,2021-03-27,2022-09-17,0.46153846153846156,0.06879575009841248,0.12426105896657597,0.6585510688836105,0,1,3,0,0.3142857142857143
0.09803921568627455,1,3,2023-08-04,2025-09-13,0.46153846153846156,0.08716742454565803,0.1574445192837586,0.010095011876484539,1,1,4,0,0.44956268221574347
0.8627450980392157,1,3,2024-08-14,2025-09-23,0.6153846153846154,0.05094267328889618,0.06901040072079005,0.004156769596199539,1,1,5,0,0.2361516034985423
0.607843137254902,0,1,2020-12-18,2021-03-03,0.38461538461538464,0.041821650680541354,0.09064722399601115,0.9928741092636579,0,1,5,0,0.04373177842565601
1.0,1,2,2022-06-24,2024-01-23,0.46153846153846156,0.06250534236282447,0.11289899316823974,0.3657957244655582,1,0,2,0,0.3370262390670554
0.5686274509803921,1,3,2022-02-28,2024-06-30,0.15384615384615385,0.03427579272592757,0.18572940631041207,0.2713776722090261,0,1,0,1,0.49737609329446064
0.9019607843137256,0,2,2021-10-04,2022-04-15,0.2307692307692308,0.03265679950918467,0.11797164075962875,0.7505938242280286,0,0,0,0,0.11253644314868808
0.6666666666666667,1,1,2023-11-16,2024-04-25,0.46153846153846156,0.05615205718602384,0.10142321048994479,0.31057007125890734,0,0,0,0,0.09387755102040818
0.7647058823529412,0,5,2025-06-11,2025-09-09,0.5384615384615385,0.036627037735585594,0.056706234309257406,0.012470308788598616,0,0,5,0,0.052478134110787195
1.0,0,0,2023-04-28,2024-04-22,0.46153846153846156,0.09193359916204308,0.16605288709663307,0.31235154394299286,0,1,0,0,0.20991253644314872
0.2941176470588236,1,1,2025-06-02,2025-06-02,0.6923076923076924,0.10129612280262917,0.12197622442463632,0.07125890736342044,0,1,1,0,0.0
0.23529411764705888,0,5,2021-06-17,2024-07-01,0.38461538461538464,0.0487438193049242,0.10565085418871752,0.2707838479809976,0,1,1,0,0.6472303206997085
0.9607843137254902,0,5,2022-05-05,2022-12-04,0.46153846153846156,0.08697354570895365,0.1570937464463475,0.6122327790973872,0,1,3,0,0.12419825072886298
0.803921568627451,0,3,2021-03-22,2022-10-15,0.46153846153846156,0.04490926397798209,0.08111687471024064,0.6419239904988123,0,1,0,0,0.3335276967930029
0.5686274509803921,0,3,2025-08-24,2025-09-04,0.6153846153846154,0.10563192191638819,0.14309694801389092,0.015439429928741089,0,1,2,0,0.006413994169096243
0.35294117647058826,0,5,2024-05-23,2025-02-08,0.46153846153846156,0.0527394022252157,0.029602253343713636,0.13895486935866982,0,1,3,0,0.15218658892128284
0.3137254901960785,0,3,2023-08-14,2025-08-12,0.6153846153846154,0.053157508958824644,0.07201077686123915,0.029097387173396688,0,0,5,0,0.42507288629737616
0.35294117647058826,1,1,2022-04-24,2023-01-31,0.2307692307692308,0.024647472661832932,0.08903769277198015,0.577790973871734,0,1,3,0,0.1644314868804665
0.5294117647058824,1,0,2023-03-04,2024-12-10,0.38461538461538464,0.07189240354144474,0.15582536586219264,0.17458432304038002,0,1,1,0,0.37725947521865894
0.4901960784313726,0,3,2021-07-01,2025-07-30,0.46153846153846156,0.06976135064940936,0.12600530095609652,0.03681710213776723,0,0,2,0,0.8688046647230321
0.7058823529411765,0,3,2025-05-06,2025-09-06,0.38461538461538464,0.02136832127967135,0.046315135716722494,0.014251781472684077,0,0,3,0,0.07172011661807581
0.4901960784313726,1,3,2021-11-11,2022-11-07,0.9230769230769231,0.17215246108681437,0.15547371827955106,0.6282660332541568,0,0,2,0,0.21049562682215744
0.43137254901960786,0,3,2022-12-15,2024-03-07,0.7692307692307694,0.13685375974408642,0.14831392856830447,0.339667458432304,0,0,0,0,0.2612244897959184
0.15686274509803927,0,5,2023-12-11,2025-02-23,0.46153846153846156,0.016776411612680453,0.030302049528074942,0.13004750593824227,1,0,4,0,0.2565597667638484
0.21568627450980393,0,2,2021-03-15,2021-06-15,0.3076923076923077,0.02116314226097754,0.05733780036564349,0.9311163895486936,0,1,2,0,0.05364431486880469
0.0,2,0,2024-12-04,2025-03-22,0.5384615384615385,0.06925590965213924,0.10722189662260864,0.11401425178147268,0,1,2,0,0.06297376093294463
0.0,0,3,2021-12-18,2024-01-09,0.38461538461538464,0.0070497799652777665,0.015280049685529082,0.3741092636579572,0,1,5,0,0.4384839650145773
0.9019607843137256,0,1,2025-02-06,2025-05-15,0.6923076923076924,0.0814158740597946,0.09803707170286652,0.08194774346793349,0,1,1,0,0.05714285714285719
0.6470588235294118,1,1,2023-12-25,2025-02-20,0.38461538461538464,0.06599338568061924,0.14303921482868115,0.13182897862232779,0,1,0,0,0.24664723032069974
0.607843137254902,0,3,2023-12-09,2024-04-28,0.6153846153846154,0.0527394022252157,0.09205818805272964,0.3087885985748218,0,1,2,0,0.08221574344023325
0.9215686274509804,1,1,2025-02-08,2025-03-14,0.3076923076923077,0.0527394022252157,0.0934962692115921,0.11876484560570072,0,1,0,0,0.019825072886297423
0.4705882352941177,1,3,2020-12-07,2024-12-01,0.5384615384615385,0.0987799758515111,0.15293083389462817,0.17992874109263657,1,1,1,0,0.848396501457726
0.7647058823529412,0,3,2025-03-13,2025-06-04,0.8461538461538463,0.7727742455292244,0.7613493819924947,0.07007125890736343,0,1,5,0,0.04839650145772598
0.8627450980392157,0,5,2025-01-19,2025-03-15,0.2307692307692308,0.017999091303936877,0.06502068772470015,0.11817102137767221,0,0,0,0,0.03206997084548108
0.0,1,3,2024-02-12,2024-03-31,0.46153846153846156,0.07567247584808069,0.13668156649375868,0.3254156769596199,0,1,1,0,0.02798833819241986
0.2941176470588236,0,5,2023-12-10,2024-10-06,0.46153846153846156,0.01415202506122075,0.02556180512425754,0.21318289786223277,1,0,1,0,0.17551020408163268
0.7450980392156863,0,5,2025-02-09,2025-06-01,0.3076923076923077,0.03419112207659247,0.0926355199048277,0.07185273159144892,1,1,3,0,0.06530612244897963
0.07843137254901966,0,5,2022-01-02,2025-04-29,0.5384615384615385,0.1319874170859236,0.20434223532396187,0.09144893111638955,0,1,5,0,0.7072886297376094
0.411764705882353,0,3,2024-04-16,2024-08-29,0.6153846153846154,0.0527394022252157,0.0747732222990054,0.2357482185273159,1,0,5,0,0.07871720116618078
0.5490196078431373,0,3,2023-05-26,2024-11-30,0.6923076923076924,0.06245521798414278,0.07520534644284851,0.18052256532066507,0,1,0,0,0.3230320699708455
0.03921568627450983,2,3,2020-10-07,2021-11-14,0.5384615384615385,0.24217629882072111,0.37493679965709986,0.840855106888361,1,1,4,0,0.2349854227405248
0.21568627450980393,0,3,2020-10-23,2023-04-02,0.46153846153846156,0.04908968558938642,0.0886676755394991,0.5415676959619953,1,1,3,0,0.5195335276967931
0.4901960784313726,0,3,2021-09-03,2024-01-15,0.5384615384615385,0.09185264142964739,0.14220558262406074,0.3705463182897862,0,2,3,0,0.5037900874635569
0.2941176470588236,2,3,2023-08-24,2025-04-16,0.46153846153846156,0.059395774426089995,0.10728225404350981,0.09916864608076009,1,0,1,0,0.3504373177842566
0.9803921568627452,0,5,2024-04-09,2025-03-15,0.38461538461538464,0.016085647630783663,0.03486559539534108,0.11817102137767221,0,0,5,0,0.1982507288629738
0.7058823529411765,1,3,2025-03-03,2025-08-26,0.46153846153846156,0.09364323598145835,0.16914073776012734,0.02078384798099761,0,1,4,0,0.10262390670553939
0.411764705882353,1,5,2024-06-26,2025-01-03,0.5384615384615385,0.13133749519036003,0.2033362783089425,0.16033254156769594,0,1,2,0,0.11137026239067058
0.5490196078431373,1,2,2024-07-23,2025-06-05,0.3076923076923077,0.04628207465852667,0.12539385404001083,0.06947743467933493,1,0,2,0,0.18483965014577264
0.25490196078431376,1,3,2024-12-23,2025-04-07,0.07692307692307698,0.0045923939605047315,0.049769504631775985,0.10451306413301661,0,1,5,0,0.06122448979591841
0.5294117647058824,0,3,2021-05-30,2025-03-16,0.46153846153846156,0.07600058470370238,0.13727464376000487,0.11757719714964371,0,1,5,0,0.8081632653061225
0.07843137254901966,0,0,2021-04-15,2022-05-01,0.7692307692307694,0.0675432056404697,0.07319868088419246,0.7410926365795725,1,1,3,0,0.22215743440233238
0.9019607843137256,0,3,2021-09-06,2022-04-26,0.6153846153846154,0.042123849833172994,0.05706400510851213,0.7440617577197151,0,0,5,0,0.1352769679300292
0.9411764705882353,1,1,2021-11-01,2025-07-30,0.3076923076923077,0.022896993756084442,0.0620360569983992,0.03681710213776723,0,1,4,0,0.7970845481049563
0.5686274509803921,0,2,2025-07-06,2025-08-11,0.2307692307692308,0.035541978117843306,0.12839423018045992,0.029691211401425166,0,1,5,0,0.020991253644314867
0.8823529411764706,0,3,2022-10-30,2025-01-23,0.07692307692307698,0.01958507184615351,0.21225080695247506,0.14845605700712589,0,1,0,1,0.47580174927113705
1.0,0,3,2024-06-28,2024-08-07,0.38461538461538464,0.0667747932651884,0.14473272159483547,0.248812351543943,0,0,4,0,0.023323615160349864
0.07843137254901966,0,3,2024-12-28,2025-01-13,0.46153846153846156,0.030918992950381474,0.055847234492953916,0.1543942992874109,0,1,3,0,0.009329446064139962
0.21568627450980393,0,3,2021-01-29,2023-06-03,0.38461538461538464,0.04342377433988576,0.09411996256090413,0.504750593824228,1,1,0,0,0.4985422740524782
0.2941176470588236,1,3,2024-08-07,2025-05-10,0.6153846153846154,0.06800247732275444,0.09212116970932213,0.08491686460807601,1,1,0,0,0.16093294460641402
0.4901960784313726,0,3,2021-01-11,2023-04-09,0.38461538461538464,0.008128705198511499,0.017619118431756745,0.5374109263657957,0,0,2,0,0.47696793002915455
0.4901960784313726,1,3,2021-12-25,2022-06-25,0.38461538461538464,0.012550062833047639,0.027201952431354356,0.7084323040380047,0,2,4,0,0.10612244897959186
0.9215686274509804,1,4,2023-11-06,2023-12-16,0.38461538461538464,0.03584393512371803,0.07769049764256158,0.3883610451306413,0,0,0,0,0.023323615160349864
0.3921568627450981,0,4,2024-05-05,2025-06-05,0.46153846153846156,0.08491432968813678,0.15337432972646714,0.06947743467933493,0,1,3,0,0.2309037900874636
0.7450980392156863,1,3,2023-10-30,2025-03-06,0.46153846153846156,0.0527394022252157,0.0648501124047621,0.12351543942992874,0,0,3,0,0.287463556851312
0.6862745098039216,0,1,2021-03-23,2023-09-15,0.6923076923076924,0.05418162830940964,0.06524287301323489,0.4429928741092637,0,1,0,0,0.5282798833819242
0.6274509803921569,1,3,2025-09-13,2025-09-25,0.6153846153846154,0.05382712545728406,0.07291788766521749,0.0029691211401425277,1,1,4,0,0.006997084548104965
0.5686274509803921,0,1,2025-09-09,2025-09-22,0.46153846153846156,0.05761422001987057,0.10406494108590872,0.004750593824227989,0,1,2,0,0.007580174927113714
0.7058823529411765,0,3,2024-08-15,2024-09-28,0.2307692307692308,0.045620852580973675,0.16480375090754815,0.2179334916864608,0,1,4,0,0.02565597667638489
0.43137254901960786,2,0,2022-11-13,2022-11-13,0.5384615384615385,0.11205244317602592,0.17347947410316744,0.6247030878859858,1,1,4,0,0.0
0.17647058823529416,0,5,2025-06-16,2025-07-25,0.38461538461538464,0.04614994324483597,0.10002886659260489,0.03978622327790973,0,1,4,0,0.022740524781341115
0.07843137254901966,1,3,2021-12-11,2021-12-29,0.46153846153846156,0.06462348076115766,0.11672512880623517,0.8141330166270784,0,1,2,0,0.010495626822157461
0.6862745098039216,0,3,2022-03-07,2023-10-11,0.5384615384615385,0.055509318977582135,0.08593934516572047,0.42755344418052255,0,1,0,0,0.33994169096209914
0.5294117647058824,2,3,2022-08-07,2023-11-05,0.2307692307692308,0.034373700731307424,0.1241735844435308,0.41270783847980996,0,1,5,0,0.2653061224489796
1.0,1,3,2022-04-28,2024-12-09,0.8461538461538463,0.147441626690255,0.14526194245925872,0.17517814726840852,1,1,1,0,0.5574344023323615
0.5882352941176471,1,3,2022-08-24,2025-09-29,0.07692307692307698,0.00017103632596859875,0.001853585143326994,0.0005938242280285055,0,1,0,0,0.6600583090379009
0.17647058823529416,0,5,2025-05-19,2025-05-30,0.5384615384615385,0.07410166983596414,0.11472371171896184,0.07304038004750593,1,1,2,0,0.006413994169096243
0.35294117647058826,0,3,2024-10-05,2025-06-01,0.2307692307692308,0.01570781797440847,0.056743848354166834,0.07185273159144892,1,1,1,0,0.1393586005830904
0.5294117647058824,0,4,2022-06-10,2024-02-01,0.5384615384615385,0.0778869886556666,0.12058450476298777,0.36045130641330164,1,1,1,0,0.3504373177842566
0.0,0,3,2021-02-25,2021-06-07,0.6923076923076924,0.07520174255263523,0.09055450100158327,0.9358669833729216,1,0,1,0,0.05947521865889216
0.07843137254901966,1,3,2021-05-08,2024-01-20,0.15384615384615385,0.013063656104467275,0.07078788302906777,0.36757719714964365,0,1,5,1,0.5755102040816327
0.8627450980392157,1,5,2025-05-26,2025-09-24,0.46153846153846156,0.056912559433912546,0.1027974352469843,0.0035629453681710332,0,0,3,0,0.07055393586005831
0.05882352941176472,0,3,2022-03-27,2023-08-28,0.38461538461538464,0.08929847743769342,0.19355225290634104,0.4536817102137767,0,0,2,0,0.3026239067055394
0.2941176470588236,1,4,2024-05-05,2024-10-04,0.2307692307692308,0.0527394022252157,0.1508454412652315,0.21437054631828978,0,0,5,0,0.08862973760932946
0.4509803921568628,1,3,2024-07-10,2025-06-21,0.46153846153846156,0.05636207913985598,0.10180284991996079,0.059976247030878865,1,1,5,0,0.20174927113702626
0.2941176470588236,0,0,2022-08-31,2023-02-20,0.3076923076923077,0.0778027215842597,0.21079435614377312,0.5659144893111638,0,1,3,0,0.10087463556851314
0.5294117647058824,0,1,2021-08-17,2025-05-14,0.46153846153846156,0.08595136353242398,0.15524803401009454,0.08254156769596199,1,2,1,0,0.7965014577259476
0.9411764705882353,0,3,2022-05-03,2025-01-31,0.5384615384615385,0.07289392252805088,0.1128543811614867,0.14370546318289784,1,1,3,0,0.5854227405247814
0.5294117647058824,0,3,2023-05-12,2024-07-15,0.5384615384615385,0.026829618519577686,0.04153727726799568,0.26247030878859856,1,1,3,0,0.25072886297376096
0.607843137254902,0,1,2021-08-09,2023-08-05,0.2307692307692308,0.037503043986523404,0.13547791705665724,0.4673396674584323,1,1,5,0,0.4233236151603499
0.5098039215686275,0,2,2024-06-16,2024-12-09,0.46153846153846156,0.04365203801607225,0.0788460360919882,0.17517814726840852,0,1,2,0,0.10262390670553939
0.37254901960784315,0,3,2022-12-03,2025-03-31,0.38461538461538464,0.036426701652030116,0.07895362975533375,0.10866983372921615,0,2,4,0,0.49504373177842564
0.4509803921568628,1,3,2021-11-03,2025-07-12,0.6153846153846154,0.08808750150635462,0.11932924535728968,0.04750593824228028,0,1,3,0,0.7854227405247814
0.21568627450980393,1,2,2024-12-04,2025-05-13,0.8461538461538463,0.10811642835793586,0.10651772671209508,0.0831353919239905,0,1,3,0,0.09329446064139946
0.9607843137254902,0,3,2025-02-13,2025-06-19,0.38461538461538464,0.05668017926285846,0.12285271914554885,0.061163895486935876,0,1,1,0,0.07346938775510206
0.6666666666666667,0,3,2020-12-12,2022-02-04,0.15384615384615385,0.002959840525374513,0.01603845380033063,0.7921615201900236,1,1,1,1,0.24431486880466474
0.6274509803921569,1,3,2023-03-24,2024-11-06,0.5384615384615385,0.055757680834592704,0.08632423306711919,0.19477434679334915,1,1,5,0,0.34577259475218663
0.6274509803921569,1,3,2022-10-08,2024-02-04,0.6153846153846154,0.10225018102487969,0.13851590724201573,0.3586698337292161,0,1,1,0,0.28221574344023326
0.9803921568627452,1,2,2023-03-10,2024-12-27,0.38461538461538464,0.027723705061698592,0.06009062360587477,0.16448931116389548,0,0,0,0,0.38367346938775515
0.823529411764706,1,3,2025-06-12,2025-09-30,0.6923076923076924,0.11684242889017442,0.1406957723563012,0.0,0,1,3,0,0.06413994169096213
0.7058823529411765,0,3,2022-11-30,2024-01-15,0.6153846153846154,0.061407368251379976,0.08318652192548918,0.3705463182897862,0,0,1,0,0.23965014577259477
0.21568627450980393,1,3,2021-11-15,2024-06-07,0.46153846153846156,0.05685056986414195,0.1026854678574865,0.2850356294536817,0,1,2,0,0.5451895043731778
0.03921568627450983,0,3,2024-05-20,2024-08-11,0.5384615384615385,0.02312775961542575,0.03580594651807659,0.24643705463182897,0,1,0,0,0.04839650145772598
0.0,0,5,2023-03-15,2023-07-05,0.5384615384615385,0.0527394022252157,0.0812043492332858,0.48574821852731587,0,1,5,0,0.06530612244897963
0.6274509803921569,0,3,2024-02-12,2025-01-08,0.38461538461538464,0.05386869398388805,0.11675924387022278,0.15736342042755344,0,1,4,0,0.19300291545189507
0.7647058823529412,0,5,2025-02-10,2025-06-11,0.3076923076923077,0.03498124694441061,0.09477602148374284,0.06591448931116389,0,0,3,0,0.07055393586005831
0.17647058823529416,0,2,2024-02-08,2024-03-19,0.46153846153846156,0.045908280781433414,0.08292059937543189,0.332541567695962,0,0,3,0,0.023323615160349864
0.823529411764706,0,5,2024-11-22,2025-08-06,0.5384615384615385,0.02853634957790995,0.04417988260919005,0.032660332541567694,0,1,2,0,0.14985422740524784
0.8431372549019609,1,3,2024-03-15,2024-06-27,0.3076923076923077,0.1574550408134323,0.4266001277128037,0.2731591448931116,0,1,4,0,0.06064139941690963
0.5490196078431373,1,3,2022-12-01,2023-06-20,0.46153846153846156,0.02702462737448101,0.04881253334966189,0.49465558194774345,0,0,4,0,0.11720116618075804
0.23529411764705888,0,1,2025-03-07,2025-09-16,0.38461538461538464,0.06206213308208186,0.1345183215388518,0.008313539192399022,1,1,5,0,0.11253644314868808
0.21568627450980393,1,2,2022-11-29,2025-05-26,0.5384615384615385,0.08383185296913494,0.1297885740777998,0.07541567695961995,0,1,5,0,0.5300291545189504
0.5882352941176471,1,5,2021-03-20,2021-10-15,0.6153846153846154,0.05583048629283889,0.0756322221153089,0.8586698337292162,0,2,0,0,0.12186588921282801
0.8823529411764706,0,3,2021-10-21,2023-05-06,0.2307692307692308,0.012363932692564576,0.04466449146686026,0.5213776722090262,1,1,3,0,0.3276967930029155
0.019607843137254943,1,3,2021-10-02,2024-11-16,0.46153846153846156,0.04845590681095062,0.08752263403283791,0.1888361045130641,0,2,1,0,0.6653061224489796
0.9803921568627452,0,4,2021-12-01,2023-11-13,0.7692307692307694,0.10369361784285823,0.11237677026566012,0.4079572446555819,1,1,5,0,0.41516034985422745
0.9607843137254902,0,1,2022-11-23,2025-01-01,0.38461538461538464,0.07760512983061593,0.16820738459923545,0.16152019002375295,0,0,2,0,0.44897959183673475
0.6666666666666667,0,4,2024-02-23,2024-05-16,0.38461538461538464,0.05231960046430834,0.11340109693051897,0.2980997624703088,0,1,2,0,0.04839650145772598
0.43137254901960786,0,2,2020-11-18,2022-02-14,0.5384615384615385,0.10052230248311006,0.155628548185341,0.7862232779097387,0,1,2,0,0.2641399416909621
0.3137254901960785,0,2,2020-12-08,2022-10-05,0.46153846153846156,0.09646214709430753,0.17423262974658627,0.6478622327790974,0,1,5,0,0.3883381924198251
0.4901960784313726,0,3,2022-12-22,2024-09-10,0.6153846153846154,0.03402831874035903,0.046097324154340036,0.22862232779097386,0,1,5,0,0.3661807580174927
0.13725490196078438,1,3,2022-10-04,2023-10-25,0.2307692307692308,0.010971992418223601,0.039635581136993836,0.41923990498812347,0,1,2,0,0.22507288629737612
0.5490196078431373,0,3,2022-05-16,2023-03-07,0.38461538461538464,0.08356436151832798,0.18112387267208424,0.5570071258907363,0,1,5,0,0.1720116618075802
0.4901960784313726,1,3,2022-09-03,2023-05-18,0.6923076923076924,0.11935018142038606,0.1437162676370507,0.514251781472684,0,1,1,0,0.14985422740524784
0.17647058823529416,0,1,2023-11-04,2024-01-23,0.46153846153846156,0.07968315258288663,0.14392620649235907,0.3657957244655582,0,0,1,0,0.04664723032069973
0.4901960784313726,1,3,2025-05-23,2025-06-03,0.8461538461538463,0.09734662848173742,0.09590706706671681,0.07066508313539191,0,1,0,0,0.006413994169096243
0.6470588235294118,0,3,2021-03-30,2022-05-22,0.38461538461538464,0.06832501680296704,0.1480926180250002,0.7286223277909738,0,1,3,0,0.243731778425656
0.5294117647058824,1,3,2021-11-27,2022-07-19,0.5384615384615385,0.0931260912242706,0.1441772583734987,0.6941805225653206,0,1,1,0,0.1364431486880467
0.7843137254901962,0,3,2022-08-03,2025-04-14,0.38461538461538464,0.03338162546822103,0.07235367699157619,0.1003562945368171,0,1,0,0,0.5743440233236152
0.1176470588235295,0,3,2022-11-23,2024-06-18,0.3076923076923077,0.02110357415877611,0.05717684724324038,0.27850356294536815,1,1,4,0,0.3341107871720117
0.5294117647058824,0,3,2024-04-14,2024-06-01,0.07692307692307698,0.0,0.0,0.2885985748218527,0,1,3,1,0.02798833819241986
0.9607843137254902,1,5,2022-12-23,2023-04-28,0.7692307692307694,0.10357399734494153,0.11224730797155327,0.5261282660332541,0,0,1,0,0.07346938775510206
0.8627450980392157,0,3,2025-02-17,2025-09-27,0.5384615384615385,0.02088580350872265,0.03233495744364452,0.0017814726840855166,0,1,4,0,0.12944606413994172
0.19607843137254904,1,5,2022-07-12,2025-01-17,0.15384615384615385,0.02004143776735523,0.10859787087010907,0.1520190023752969,0,1,0,1,0.5364431486880468
0.5490196078431373,1,3,2020-12-01,2024-06-25,0.46153846153846156,0.017565487177885274,0.03172700950848065,0.2743467933491686,1,0,1,0,0.7591836734693878
0.6862745098039216,0,3,2021-08-31,2025-08-01,0.46153846153846156,0.041379006408898224,0.07473998198024823,0.03562945368171022,0,0,1,0,0.8344023323615161
0.13725490196078438,0,3,2023-09-04,2025-06-18,0.5384615384615385,0.0527394022252157,0.0,0.06175771971496438,1,1,1,0,0.3807580174927114
0.6274509803921569,1,5,2024-05-11,2024-11-08,0.3076923076923077,0.029381038181619912,0.0796035654615593,0.19358669833729214,0,1,1,0,0.10553935860058311
0.5490196078431373,1,3,2020-12-01,2024-06-25,0.46153846153846156,0.017565487177885274,0.03172700950848065,0.2743467933491686,1,0,1,0,0.7591836734693878
0.27450980392156865,0,4,2023-12-20,2024-09-20,0.2307692307692308,0.044221244325997014,0.15974772347553773,0.22268408551068883,0,1,4,0,0.16034985422740528
0.5098039215686275,0,2,2024-06-16,2024-12-09,0.46153846153846156,0.04365203801607225,0.0788460360919882,0.17517814726840852,0,1,2,0,0.10262390670553939
